sessao,minuto,hora,solar_kw,potencia_kw,temp_c,soc,comando
1,5,11.0,7.84,7.4,27.5,25.9,SOLAR_TOTAL
1,10,11.08,7.69,7.4,28.9,27.8,SOLAR_TOTAL
1,15,11.17,8.75,7.4,30.4,29.6,SOLAR_TOTAL
1,20,11.25,9.81,7.4,31.3,31.5,SOLAR_TOTAL
1,25,11.33,8.39,7.4,32.3,33.4,SOLAR_TOTAL
1,30,11.42,9.59,7.4,33.2,35.3,SOLAR_TOTAL
1,35,11.5,8.25,7.4,34.0,37.2,SOLAR_TOTAL
1,40,11.58,7.72,7.4,34.6,39.0,SOLAR_TOTAL
1,45,11.67,7.82,7.4,35.6,40.9,SOLAR_TOTAL
1,50,11.75,8.5,7.4,36.2,42.8,SOLAR_TOTAL
1,55,11.83,9.96,7.4,36.8,44.7,SOLAR_TOTAL
1,60,11.92,8.41,7.4,37.6,46.5,SOLAR_TOTAL
1,65,12.0,8.25,7.4,38.4,48.4,SOLAR_TOTAL
1,70,12.08,9.75,7.4,38.8,50.3,SOLAR_TOTAL
1,75,12.17,9.8,7.4,39.1,52.2,SOLAR_TOTAL
1,80,12.25,8.5,7.4,39.5,54.1,SOLAR_TOTAL
1,85,12.33,9.84,7.4,39.9,55.9,SOLAR_TOTAL
1,90,12.42,8.02,7.4,40.5,57.8,SOLAR_TOTAL
1,95,12.5,8.99,7.4,40.7,59.7,SOLAR_TOTAL
1,100,12.58,7.59,7.4,40.7,61.6,SOLAR_TOTAL
1,105,12.67,8.31,7.4,40.9,63.5,SOLAR_TOTAL
1,110,12.75,8.94,7.4,41.3,65.3,SOLAR_TOTAL
1,115,12.83,9.5,7.4,41.4,67.2,SOLAR_TOTAL
1,120,12.92,9.15,7.4,41.4,69.1,SOLAR_TOTAL
1,125,13.0,8.43,7.4,41.8,71.0,SOLAR_TOTAL
1,130,13.08,7.9,7.4,41.9,72.8,SOLAR_TOTAL
1,135,13.17,7.4,7.4,42.2,74.7,SOLAR_TOTAL
1,140,13.25,9.0,7.4,42.1,76.6,SOLAR_TOTAL
1,145,13.33,8.82,7.4,42.0,78.5,SOLAR_TOTAL
1,150,13.42,8.76,7.4,42.0,80.4,SOLAR_TOTAL
1,155,13.5,7.71,4.44,41.5,81.5,SOLAR_TOTAL
1,160,13.58,7.27,4.44,41.1,82.6,HIBRIDO_SOLAR_REDE
1,165,13.67,8.3,4.44,40.7,83.7,SOLAR_TOTAL
1,170,13.75,8.45,4.44,40.5,84.9,SOLAR_TOTAL
1,175,13.83,8.28,4.44,40.3,86.0,SOLAR_TOTAL
1,180,13.92,6.88,4.44,40.0,87.1,HIBRIDO_SOLAR_REDE
1,185,14.0,6.75,4.44,39.7,88.2,HIBRIDO_SOLAR_REDE
1,190,14.08,6.94,4.44,39.6,89.4,HIBRIDO_SOLAR_REDE
1,195,14.17,6.98,4.44,39.7,90.5,HIBRIDO_SOLAR_REDE
1,200,14.25,7.51,4.44,39.6,91.6,SOLAR_TOTAL
1,205,14.33,7.55,4.44,39.3,92.8,SOLAR_TOTAL
1,210,14.42,7.73,4.44,39.3,93.9,SOLAR_TOTAL
1,215,14.5,7.32,4.44,39.1,95.0,HIBRIDO_SOLAR_REDE
1,220,14.58,7.16,4.44,39.2,96.1,HIBRIDO_SOLAR_REDE
1,225,14.67,6.09,4.44,38.9,97.3,HIBRIDO_SOLAR_REDE
1,230,14.75,6.58,4.44,38.5,98.4,HIBRIDO_SOLAR_REDE
1,235,14.83,6.77,4.44,38.7,99.5,HIBRIDO_SOLAR_REDE
1,240,14.92,5.73,4.44,38.4,100.0,HIBRIDO_SOLAR_REDE
2,5,23.0,0.0,3.7,32.4,16.4,REDE_POTENCIA_REDUZIDA
2,10,23.08,0.0,3.7,33.1,16.9,REDE_POTENCIA_REDUZIDA
2,15,23.17,0.0,3.7,33.4,17.3,REDE_POTENCIA_REDUZIDA
2,20,23.25,0.0,3.7,34.0,17.7,REDE_POTENCIA_REDUZIDA
2,25,23.33,0.0,3.7,34.4,18.2,REDE_POTENCIA_REDUZIDA
2,30,23.42,0.0,3.7,34.9,18.6,REDE_POTENCIA_REDUZIDA
2,35,23.5,0.0,3.7,35.2,19.1,REDE_POTENCIA_REDUZIDA
2,40,23.58,0.0,3.7,35.6,19.5,REDE_POTENCIA_REDUZIDA
2,45,23.67,0.0,3.7,36.1,19.9,REDE_POTENCIA_REDUZIDA
2,50,23.75,0.0,3.7,36.3,20.4,REDE_POTENCIA_REDUZIDA
2,55,23.83,0.0,3.7,36.9,20.8,REDE_POTENCIA_REDUZIDA
2,60,23.92,0.0,3.7,37.2,21.2,REDE_POTENCIA_REDUZIDA
2,65,0.0,0.0,3.7,37.8,21.7,REDE_POTENCIA_REDUZIDA
2,70,0.08,0.0,3.7,37.9,22.1,REDE_POTENCIA_REDUZIDA
2,75,0.17,0.0,3.7,38.3,22.5,REDE_POTENCIA_REDUZIDA
2,80,0.25,0.0,3.7,38.7,23.0,REDE_POTENCIA_REDUZIDA
2,85,0.33,0.0,3.7,39.0,23.4,REDE_POTENCIA_REDUZIDA
2,90,0.42,0.0,3.7,38.9,23.9,REDE_POTENCIA_REDUZIDA
2,95,0.5,0.0,3.7,38.8,24.3,REDE_POTENCIA_REDUZIDA
2,100,0.58,0.0,3.7,39.1,24.7,REDE_POTENCIA_REDUZIDA
2,105,0.67,0.0,3.7,39.3,25.2,REDE_POTENCIA_REDUZIDA
2,110,0.75,0.0,3.7,39.2,25.6,REDE_POTENCIA_REDUZIDA
2,115,0.83,0.0,3.7,39.2,26.0,REDE_POTENCIA_REDUZIDA
2,120,0.92,0.0,3.7,39.2,26.5,REDE_POTENCIA_REDUZIDA
2,125,1.0,0.0,3.7,39.1,26.9,REDE_POTENCIA_REDUZIDA
2,130,1.08,0.0,3.7,39.2,27.3,REDE_POTENCIA_REDUZIDA
2,135,1.17,0.0,3.7,39.4,27.8,REDE_POTENCIA_REDUZIDA
2,140,1.25,0.0,3.7,39.6,28.2,REDE_POTENCIA_REDUZIDA
2,145,1.33,0.0,3.7,39.7,28.7,REDE_POTENCIA_REDUZIDA
2,150,1.42,0.0,3.7,39.8,29.1,REDE_POTENCIA_REDUZIDA
2,155,1.5,0.0,3.7,40.0,29.5,REDE_POTENCIA_REDUZIDA
2,160,1.58,0.0,3.7,40.1,30.0,REDE_POTENCIA_REDUZIDA
2,165,1.67,0.0,3.7,40.4,30.4,REDE_POTENCIA_REDUZIDA
2,170,1.75,0.0,3.7,40.2,30.8,REDE_POTENCIA_REDUZIDA
2,175,1.83,0.0,3.7,40.3,31.3,REDE_POTENCIA_REDUZIDA
2,180,1.92,0.0,3.7,40.3,31.7,REDE_POTENCIA_REDUZIDA
2,185,2.0,0.0,3.7,40.5,32.1,REDE_POTENCIA_REDUZIDA
2,190,2.08,0.0,3.7,40.3,32.6,REDE_POTENCIA_REDUZIDA
2,195,2.17,0.0,3.7,40.3,33.0,REDE_POTENCIA_REDUZIDA
2,200,2.25,0.0,3.7,40.0,33.5,REDE_POTENCIA_REDUZIDA
2,205,2.33,0.0,3.7,40.1,33.9,REDE_POTENCIA_REDUZIDA
2,210,2.42,0.0,3.7,40.3,34.3,REDE_POTENCIA_REDUZIDA
2,215,2.5,0.0,3.7,40.5,34.8,REDE_POTENCIA_REDUZIDA
2,220,2.58,0.0,3.7,40.5,35.2,REDE_POTENCIA_REDUZIDA
2,225,2.67,0.0,3.7,40.8,35.6,REDE_POTENCIA_REDUZIDA
2,230,2.75,0.0,3.7,40.8,36.1,REDE_POTENCIA_REDUZIDA
2,235,2.83,0.0,3.7,40.6,36.5,REDE_POTENCIA_REDUZIDA
2,240,2.92,0.0,3.7,40.4,36.9,REDE_POTENCIA_REDUZIDA
2,245,3.0,0.0,3.7,40.4,37.4,REDE_POTENCIA_REDUZIDA
2,250,3.08,0.0,3.7,40.6,37.8,REDE_POTENCIA_REDUZIDA
2,255,3.17,0.0,3.7,40.7,38.3,REDE_POTENCIA_REDUZIDA
2,260,3.25,0.0,3.7,40.4,38.7,REDE_POTENCIA_REDUZIDA
2,265,3.33,0.0,3.7,40.6,39.1,REDE_POTENCIA_REDUZIDA
2,270,3.42,0.0,3.7,40.9,39.6,REDE_POTENCIA_REDUZIDA
2,275,3.5,0.0,3.7,41.0,40.0,REDE_POTENCIA_REDUZIDA
2,280,3.58,0.0,3.7,41.2,40.4,REDE_POTENCIA_REDUZIDA
2,285,3.67,0.0,3.7,40.9,40.9,REDE_POTENCIA_REDUZIDA
2,290,3.75,0.0,3.7,40.7,41.3,REDE_POTENCIA_REDUZIDA
2,295,3.83,0.0,3.7,40.7,41.7,REDE_POTENCIA_REDUZIDA
2,300,3.92,0.0,3.7,40.7,42.2,REDE_POTENCIA_REDUZIDA
2,305,4.0,0.0,3.7,40.6,42.6,REDE_POTENCIA_REDUZIDA
2,310,4.08,0.0,3.7,40.6,43.1,REDE_POTENCIA_REDUZIDA
2,315,4.17,0.0,3.7,40.4,43.5,REDE_POTENCIA_REDUZIDA
2,320,4.25,0.0,3.7,40.3,43.9,REDE_POTENCIA_REDUZIDA
2,325,4.33,0.0,3.7,40.6,44.4,REDE_POTENCIA_REDUZIDA
2,330,4.42,0.0,3.7,40.4,44.8,REDE_POTENCIA_REDUZIDA
2,335,4.5,0.0,3.7,40.1,45.2,REDE_POTENCIA_REDUZIDA
2,340,4.58,0.0,3.7,40.4,45.7,REDE_POTENCIA_REDUZIDA
2,345,4.67,0.0,3.7,40.4,46.1,REDE_POTENCIA_REDUZIDA
2,350,4.75,0.0,3.7,40.5,46.5,REDE_POTENCIA_REDUZIDA
2,355,4.83,0.0,3.7,40.5,47.0,REDE_POTENCIA_REDUZIDA
2,360,4.92,0.0,3.7,40.6,47.4,REDE_POTENCIA_REDUZIDA
2,365,5.0,0.0,3.7,40.4,47.9,REDE_POTENCIA_REDUZIDA
2,370,5.08,0.0,3.7,40.2,48.3,REDE_POTENCIA_REDUZIDA
2,375,5.17,0.0,3.7,40.2,48.7,REDE_POTENCIA_REDUZIDA
2,380,5.25,0.0,3.7,40.5,49.2,REDE_POTENCIA_REDUZIDA
2,385,5.33,0.0,3.7,40.7,49.6,REDE_POTENCIA_REDUZIDA
2,390,5.42,0.0,3.7,40.9,50.0,REDE_POTENCIA_REDUZIDA
2,395,5.5,0.0,3.7,40.7,50.5,REDE_POTENCIA_REDUZIDA
2,400,5.58,0.0,3.7,40.6,50.9,REDE_POTENCIA_REDUZIDA
2,405,5.67,0.0,3.7,40.9,51.3,REDE_POTENCIA_REDUZIDA
2,410,5.75,0.0,3.7,41.1,51.8,REDE_POTENCIA_REDUZIDA
2,415,5.83,0.0,3.7,40.8,52.2,REDE_POTENCIA_REDUZIDA
2,420,5.92,0.0,3.7,41.0,52.7,REDE_POTENCIA_REDUZIDA
2,425,6.0,0.0,3.7,41.3,53.1,REDE_POTENCIA_REDUZIDA
2,430,6.08,0.21,3.7,41.5,53.5,REDE_POTENCIA_REDUZIDA
2,435,6.17,0.35,3.7,41.2,54.0,REDE_POTENCIA_REDUZIDA
2,440,6.25,0.53,7.4,41.7,54.8,HIBRIDO_SOLAR_REDE
2,445,6.33,0.7,7.4,42.6,55.7,HIBRIDO_SOLAR_REDE
2,450,6.42,1.08,7.4,43.4,56.6,HIBRIDO_SOLAR_REDE
2,455,6.5,1.22,7.4,44.1,57.5,HIBRIDO_SOLAR_REDE
2,460,6.58,1.43,7.4,44.4,58.3,HIBRIDO_SOLAR_REDE
2,465,6.67,1.49,7.4,44.8,59.2,HIBRIDO_SOLAR_REDE
2,470,6.75,1.5,7.4,45.0,60.1,HIBRIDO_SOLAR_REDE
2,475,6.83,2.01,3.7,45.0,60.5,REDUCAO_TERMICA
2,480,6.92,2.16,3.7,44.8,61.0,REDUCAO_TERMICA
2,485,7.0,2.4,3.7,44.6,61.4,REDUCAO_TERMICA
2,490,7.08,2.49,3.7,44.3,61.8,REDUCAO_TERMICA
2,495,7.17,2.92,3.7,44.1,62.3,REDUCAO_TERMICA
2,500,7.25,2.56,3.7,44.0,62.7,REDUCAO_TERMICA
2,505,7.33,2.63,3.7,43.7,63.1,REDUCAO_TERMICA
2,510,7.42,3.32,3.7,43.2,63.6,REDUCAO_TERMICA
2,515,7.5,3.81,3.7,43.0,64.0,REDUCAO_TERMICA
2,520,7.58,3.9,3.7,42.9,64.4,REDUCAO_TERMICA
2,525,7.67,4.11,3.7,42.5,64.9,REDUCAO_TERMICA
2,530,7.75,4.31,3.7,42.6,65.3,REDUCAO_TERMICA
2,535,7.83,4.22,3.7,42.6,65.8,REDUCAO_TERMICA
2,540,7.92,4.4,3.7,42.7,66.2,REDUCAO_TERMICA
2,545,8.0,4.44,3.7,42.6,66.6,REDUCAO_TERMICA
2,550,8.08,4.26,3.7,42.7,67.1,REDUCAO_TERMICA
2,555,8.17,4.56,3.7,42.4,67.5,REDUCAO_TERMICA
2,560,8.25,4.42,3.7,42.0,67.9,REDUCAO_TERMICA
2,565,8.33,4.99,3.7,42.1,68.4,REDUCAO_TERMICA
2,570,8.42,5.62,3.7,41.8,68.8,REDUCAO_TERMICA
2,575,8.5,6.03,3.7,42.0,69.2,REDUCAO_TERMICA
2,580,8.58,5.62,3.7,42.1,69.7,REDUCAO_TERMICA
2,585,8.67,6.27,3.7,42.2,70.1,REDUCAO_TERMICA
2,590,8.75,6.02,3.7,42.3,70.6,REDUCAO_TERMICA
2,595,8.83,6.6,3.7,42.0,71.0,REDUCAO_TERMICA
2,600,8.92,5.42,3.7,41.8,71.4,REDUCAO_TERMICA
2,605,9.0,6.46,3.7,41.6,71.9,REDUCAO_TERMICA
2,610,9.08,5.54,3.7,41.3,72.3,REDUCAO_TERMICA
2,615,9.17,5.63,3.7,41.0,72.7,REDUCAO_TERMICA
2,620,9.25,7.04,3.7,41.1,73.2,REDUCAO_TERMICA
2,625,9.33,6.1,3.7,41.0,73.6,REDUCAO_TERMICA
2,630,9.42,7.12,7.4,41.6,74.5,HIBRIDO_SOLAR_REDE
2,635,9.5,7.74,7.4,42.4,75.4,SOLAR_TOTAL
2,640,9.58,7.33,7.4,42.9,76.2,HIBRIDO_SOLAR_REDE
2,645,9.67,7.35,7.4,43.4,77.1,HIBRIDO_SOLAR_REDE
2,650,9.75,7.27,7.4,44.1,78.0,HIBRIDO_SOLAR_REDE
2,655,9.83,8.22,7.4,44.4,78.8,SOLAR_TOTAL
2,660,9.92,6.44,7.4,45.0,79.7,HIBRIDO_SOLAR_REDE
2,665,10.0,7.1,7.4,45.3,80.0,HIBRIDO_SOLAR_REDE
3,5,20.0,0.0,3.7,34.4,15.9,REDE_POTENCIA_REDUZIDA
3,10,20.08,0.0,3.7,35.1,16.9,REDE_POTENCIA_REDUZIDA
3,15,20.17,0.0,3.7,35.8,17.8,REDE_POTENCIA_REDUZIDA
3,20,20.25,0.0,3.7,36.2,18.8,REDE_POTENCIA_REDUZIDA
3,25,20.33,0.0,3.7,36.5,19.7,REDE_POTENCIA_REDUZIDA
3,30,20.42,0.0,3.7,37.0,20.6,REDE_POTENCIA_REDUZIDA
3,35,20.5,0.0,3.7,37.5,21.6,REDE_POTENCIA_REDUZIDA
3,40,20.58,0.0,3.7,38.0,22.5,REDE_POTENCIA_REDUZIDA
3,45,20.67,0.0,3.7,38.3,23.5,REDE_POTENCIA_REDUZIDA
3,50,20.75,0.0,3.7,38.4,24.4,REDE_POTENCIA_REDUZIDA
3,55,20.83,0.0,3.7,38.9,25.3,REDE_POTENCIA_REDUZIDA
3,60,20.92,0.0,3.7,39.2,26.3,REDE_POTENCIA_REDUZIDA
3,65,21.0,0.0,3.7,39.6,27.2,REDE_POTENCIA_REDUZIDA
3,70,21.08,0.0,3.7,40.1,28.2,REDE_POTENCIA_REDUZIDA
3,75,21.17,0.0,3.7,40.4,29.1,REDE_POTENCIA_REDUZIDA
3,80,21.25,0.0,3.7,40.5,30.0,REDE_POTENCIA_REDUZIDA
3,85,21.33,0.0,3.7,40.7,31.0,REDE_POTENCIA_REDUZIDA
3,90,21.42,0.0,3.7,41.1,31.9,REDE_POTENCIA_REDUZIDA
3,95,21.5,0.0,3.7,41.3,32.8,REDE_POTENCIA_REDUZIDA
3,100,21.58,0.0,3.7,41.3,33.8,REDE_POTENCIA_REDUZIDA
3,105,21.67,0.0,3.7,41.5,34.7,REDE_POTENCIA_REDUZIDA
3,110,21.75,0.0,3.7,41.5,35.7,REDE_POTENCIA_REDUZIDA
3,115,21.83,0.0,3.7,41.4,36.6,REDE_POTENCIA_REDUZIDA
3,120,21.92,0.0,3.7,41.5,37.5,REDE_POTENCIA_REDUZIDA
3,125,22.0,0.0,3.7,41.6,38.5,REDE_POTENCIA_REDUZIDA
3,130,22.08,0.0,3.7,41.9,39.4,REDE_POTENCIA_REDUZIDA
3,135,22.17,0.0,3.7,41.7,40.4,REDE_POTENCIA_REDUZIDA
3,140,22.25,0.0,3.7,41.7,41.3,REDE_POTENCIA_REDUZIDA
3,145,22.33,0.0,3.7,41.8,42.2,REDE_POTENCIA_REDUZIDA
3,150,22.42,0.0,3.7,42.1,43.2,REDE_POTENCIA_REDUZIDA
3,155,22.5,0.0,3.7,42.2,44.1,REDE_POTENCIA_REDUZIDA
3,160,22.58,0.0,3.7,42.3,45.1,REDE_POTENCIA_REDUZIDA
3,165,22.67,0.0,3.7,42.6,46.0,REDE_POTENCIA_REDUZIDA
3,170,22.75,0.0,3.7,42.5,46.9,REDE_POTENCIA_REDUZIDA
3,175,22.83,0.0,3.7,42.5,47.9,REDE_POTENCIA_REDUZIDA
3,180,22.92,0.0,3.7,42.7,48.8,REDE_POTENCIA_REDUZIDA
3,185,23.0,0.0,3.7,42.5,49.8,REDE_POTENCIA_REDUZIDA
3,190,23.08,0.0,3.7,42.6,50.7,REDE_POTENCIA_REDUZIDA
3,195,23.17,0.0,3.7,42.8,51.6,REDE_POTENCIA_REDUZIDA
3,200,23.25,0.0,3.7,43.1,52.6,REDE_POTENCIA_REDUZIDA
3,205,23.33,0.0,3.7,43.1,53.5,REDE_POTENCIA_REDUZIDA
3,210,23.42,0.0,3.7,43.1,54.5,REDE_POTENCIA_REDUZIDA
3,215,23.5,0.0,3.7,43.0,55.4,REDE_POTENCIA_REDUZIDA
3,220,23.58,0.0,3.7,43.0,56.3,REDE_POTENCIA_REDUZIDA
3,225,23.67,0.0,3.7,42.7,57.3,REDE_POTENCIA_REDUZIDA
3,230,23.75,0.0,3.7,42.7,58.2,REDE_POTENCIA_REDUZIDA
3,235,23.83,0.0,3.7,42.8,59.1,REDE_POTENCIA_REDUZIDA
3,240,23.92,0.0,3.7,42.7,60.1,REDE_POTENCIA_REDUZIDA
3,245,0.0,0.0,3.7,42.6,61.0,REDE_POTENCIA_REDUZIDA
3,250,0.08,0.0,3.7,42.4,62.0,REDE_POTENCIA_REDUZIDA
3,255,0.17,0.0,3.7,42.7,62.9,REDE_POTENCIA_REDUZIDA
3,260,0.25,0.0,3.7,42.6,63.8,REDE_POTENCIA_REDUZIDA
3,265,0.33,0.0,3.7,42.5,64.8,REDE_POTENCIA_REDUZIDA
3,270,0.42,0.0,3.7,42.6,65.7,REDE_POTENCIA_REDUZIDA
3,275,0.5,0.0,3.7,42.5,66.7,REDE_POTENCIA_REDUZIDA
3,280,0.58,0.0,3.7,42.3,67.6,REDE_POTENCIA_REDUZIDA
3,285,0.67,0.0,3.7,42.3,68.5,REDE_POTENCIA_REDUZIDA
3,290,0.75,0.0,3.7,42.6,69.5,REDE_POTENCIA_REDUZIDA
3,295,0.83,0.0,3.7,42.3,70.4,REDE_POTENCIA_REDUZIDA
3,300,0.92,0.0,3.7,42.6,71.4,REDE_POTENCIA_REDUZIDA
3,305,1.0,0.0,3.7,42.6,72.3,REDE_POTENCIA_REDUZIDA
3,310,1.08,0.0,3.7,42.4,73.2,REDE_POTENCIA_REDUZIDA
3,315,1.17,0.0,3.7,42.6,74.2,REDE_POTENCIA_REDUZIDA
3,320,1.25,0.0,3.7,42.6,75.1,REDE_POTENCIA_REDUZIDA
3,325,1.33,0.0,3.7,42.6,76.1,REDE_POTENCIA_REDUZIDA
3,330,1.42,0.0,3.7,42.5,77.0,REDE_POTENCIA_REDUZIDA
3,335,1.5,0.0,3.7,42.6,77.9,REDE_POTENCIA_REDUZIDA
3,340,1.58,0.0,3.7,42.9,78.9,REDE_POTENCIA_REDUZIDA
3,345,1.67,0.0,3.7,42.9,79.8,REDE_POTENCIA_REDUZIDA
3,350,1.75,0.0,3.7,43.0,80.8,REDE_POTENCIA_REDUZIDA
3,355,1.83,0.0,2.22,42.6,81.3,REDE_POTENCIA_REDUZIDA
3,360,1.92,0.0,2.22,42.2,81.9,REDE_POTENCIA_REDUZIDA
3,365,2.0,0.0,2.22,41.9,82.4,REDE_POTENCIA_REDUZIDA
3,370,2.08,0.0,2.22,41.9,83.0,REDE_POTENCIA_REDUZIDA
3,375,2.17,0.0,2.22,42.0,83.6,REDE_POTENCIA_REDUZIDA
3,380,2.25,0.0,2.22,41.9,84.1,REDE_POTENCIA_REDUZIDA
3,385,2.33,0.0,2.22,41.8,84.7,REDE_POTENCIA_REDUZIDA
3,390,2.42,0.0,2.22,41.7,85.3,REDE_POTENCIA_REDUZIDA
3,395,2.5,0.0,2.22,41.4,85.8,REDE_POTENCIA_REDUZIDA
3,400,2.58,0.0,2.22,41.1,86.4,REDE_POTENCIA_REDUZIDA
3,405,2.67,0.0,2.22,40.9,86.9,REDE_POTENCIA_REDUZIDA
3,410,2.75,0.0,2.22,40.5,87.5,REDE_POTENCIA_REDUZIDA
3,415,2.83,0.0,2.22,40.5,88.1,REDE_POTENCIA_REDUZIDA
3,420,2.92,0.0,2.22,40.3,88.6,REDE_POTENCIA_REDUZIDA
3,425,3.0,0.0,2.22,40.3,89.2,REDE_POTENCIA_REDUZIDA
3,430,3.08,0.0,2.22,40.2,89.8,REDE_POTENCIA_REDUZIDA
3,435,3.17,0.0,2.22,40.1,90.3,REDE_POTENCIA_REDUZIDA
3,440,3.25,0.0,2.22,39.7,90.9,REDE_POTENCIA_REDUZIDA
3,445,3.33,0.0,2.22,39.7,91.5,REDE_POTENCIA_REDUZIDA
3,450,3.42,0.0,2.22,39.9,92.0,REDE_POTENCIA_REDUZIDA
3,455,3.5,0.0,2.22,39.9,92.6,REDE_POTENCIA_REDUZIDA
3,460,3.58,0.0,2.22,39.8,93.1,REDE_POTENCIA_REDUZIDA
3,465,3.67,0.0,2.22,39.7,93.7,REDE_POTENCIA_REDUZIDA
3,470,3.75,0.0,2.22,39.4,94.3,REDE_POTENCIA_REDUZIDA
3,475,3.83,0.0,2.22,39.1,94.8,REDE_POTENCIA_REDUZIDA
3,480,3.92,0.0,2.22,39.1,95.4,REDE_POTENCIA_REDUZIDA
3,485,4.0,0.0,2.22,38.8,96.0,REDE_POTENCIA_REDUZIDA
3,490,4.08,0.0,2.22,38.8,96.5,REDE_POTENCIA_REDUZIDA
3,495,4.17,0.0,2.22,39.0,97.1,REDE_POTENCIA_REDUZIDA
3,500,4.25,0.0,2.22,38.7,97.7,REDE_POTENCIA_REDUZIDA
3,505,4.33,0.0,2.22,38.9,98.2,REDE_POTENCIA_REDUZIDA
3,510,4.42,0.0,2.22,38.8,98.8,REDE_POTENCIA_REDUZIDA
3,515,4.5,0.0,2.22,39.0,99.3,REDE_POTENCIA_REDUZIDA
3,520,4.58,0.0,2.22,38.8,99.9,REDE_POTENCIA_REDUZIDA
3,525,4.67,0.0,2.22,39.1,100.0,REDE_POTENCIA_REDUZIDA
4,5,10.0,8.21,7.4,34.9,15.3,SOLAR_TOTAL
4,10,10.08,7.92,7.4,36.3,16.5,SOLAR_TOTAL
4,15,10.17,7.77,7.4,37.6,17.8,SOLAR_TOTAL
4,20,10.25,7.51,7.4,38.9,19.1,SOLAR_TOTAL
4,25,10.33,7.12,7.4,40.2,20.3,HIBRIDO_SOLAR_REDE
4,30,10.42,8.17,7.4,40.9,21.6,SOLAR_TOTAL
4,35,10.5,7.4,7.4,41.9,22.8,HIBRIDO_SOLAR_REDE
4,40,10.58,9.19,7.4,42.6,24.1,SOLAR_TOTAL
4,45,10.67,8.66,7.4,43.1,25.4,SOLAR_TOTAL
4,50,10.75,7.84,7.4,43.9,26.6,SOLAR_TOTAL
4,55,10.83,9.1,7.4,44.3,27.9,SOLAR_TOTAL
4,60,10.92,8.24,7.4,44.9,29.2,SOLAR_TOTAL
4,65,11.0,8.75,7.4,45.5,30.4,SOLAR_TOTAL
4,70,11.08,7.37,3.7,45.0,31.1,REDUCAO_TERMICA
4,75,11.17,8.41,3.7,44.8,31.7,REDUCAO_TERMICA
4,80,11.25,9.27,3.7,44.7,32.3,REDUCAO_TERMICA
4,85,11.33,8.26,3.7,44.5,33.0,REDUCAO_TERMICA
4,90,11.42,9.03,3.7,44.4,33.6,REDUCAO_TERMICA
4,95,11.5,7.77,3.7,44.4,34.2,REDUCAO_TERMICA
4,100,11.58,8.76,3.7,44.3,34.8,REDUCAO_TERMICA
4,105,11.67,9.39,3.7,44.3,35.5,REDUCAO_TERMICA
4,110,11.75,8.9,3.7,44.2,36.1,REDUCAO_TERMICA
4,115,11.83,8.6,3.7,44.3,36.7,REDUCAO_TERMICA
4,120,11.92,9.45,3.7,44.1,37.4,REDUCAO_TERMICA
4,125,12.0,8.19,3.7,43.7,38.0,REDUCAO_TERMICA
4,130,12.08,8.43,3.7,43.7,38.6,REDUCAO_TERMICA
4,135,12.17,7.57,3.7,43.4,39.3,REDUCAO_TERMICA
4,140,12.25,9.81,3.7,43.1,39.9,REDUCAO_TERMICA
4,145,12.33,8.74,3.7,42.9,40.5,REDUCAO_TERMICA
4,150,12.42,9.18,3.7,43.0,41.2,REDUCAO_TERMICA
4,155,12.5,8.89,3.7,43.2,41.8,REDUCAO_TERMICA
4,160,12.58,8.68,3.7,42.9,42.4,REDUCAO_TERMICA
4,165,12.67,7.58,3.7,42.9,43.1,REDUCAO_TERMICA
4,170,12.75,9.34,3.7,42.7,43.7,REDUCAO_TERMICA
4,175,12.83,8.33,3.7,42.8,44.3,REDUCAO_TERMICA
4,180,12.92,8.35,3.7,42.7,45.0,REDUCAO_TERMICA
4,185,13.0,8.58,3.7,42.6,45.6,REDUCAO_TERMICA
4,190,13.08,9.58,3.7,42.7,46.2,REDUCAO_TERMICA
4,195,13.17,8.65,3.7,42.7,46.9,REDUCAO_TERMICA
4,200,13.25,8.42,3.7,42.7,47.5,REDUCAO_TERMICA
4,205,13.33,8.69,3.7,43.0,48.1,REDUCAO_TERMICA
4,210,13.42,7.57,3.7,43.2,48.7,REDUCAO_TERMICA
4,215,13.5,8.12,3.7,43.4,49.4,REDUCAO_TERMICA
4,220,13.58,7.76,3.7,43.1,50.0,REDUCAO_TERMICA
4,225,13.67,8.77,3.7,43.0,50.6,REDUCAO_TERMICA
4,230,13.75,7.9,3.7,43.2,51.3,REDUCAO_TERMICA
4,235,13.83,8.73,3.7,42.9,51.9,REDUCAO_TERMICA
4,240,13.92,7.56,3.7,43.1,52.5,REDUCAO_TERMICA
4,245,14.0,7.9,3.7,43.2,53.2,REDUCAO_TERMICA
4,250,14.08,8.37,3.7,43.4,53.8,REDUCAO_TERMICA
4,255,14.17,6.42,3.7,43.4,54.4,REDUCAO_TERMICA
4,260,14.25,7.74,3.7,43.4,55.1,REDUCAO_TERMICA
4,265,14.33,7.94,3.7,43.5,55.7,REDUCAO_TERMICA
4,270,14.42,7.76,3.7,43.4,56.3,REDUCAO_TERMICA
4,275,14.5,6.05,3.7,43.5,57.0,REDUCAO_TERMICA
4,280,14.58,6.46,3.7,43.7,57.6,REDUCAO_TERMICA
4,285,14.67,6.8,3.7,43.7,58.2,REDUCAO_TERMICA
4,290,14.75,6.94,3.7,43.4,58.9,REDUCAO_TERMICA
4,295,14.83,6.55,3.7,43.1,59.5,REDUCAO_TERMICA
4,300,14.92,6.39,3.7,43.3,60.1,REDUCAO_TERMICA
4,305,15.0,6.74,3.7,43.0,60.8,REDUCAO_TERMICA
4,310,15.08,5.94,3.7,43.2,61.4,REDUCAO_TERMICA
4,315,15.17,6.46,3.7,43.1,62.0,REDUCAO_TERMICA
4,320,15.25,6.08,3.7,43.1,62.6,REDUCAO_TERMICA
4,325,15.33,5.76,3.7,43.2,63.3,REDUCAO_TERMICA
4,330,15.42,5.57,3.7,43.4,63.9,REDUCAO_TERMICA
4,335,15.5,5.64,3.7,43.5,64.5,REDUCAO_TERMICA
4,340,15.58,4.76,3.7,43.7,65.2,REDUCAO_TERMICA
4,345,15.67,4.77,3.7,43.5,65.8,REDUCAO_TERMICA
4,350,15.75,5.25,3.7,43.7,66.4,REDUCAO_TERMICA
4,355,15.83,4.92,3.7,43.7,67.1,REDUCAO_TERMICA
4,360,15.92,4.06,3.7,43.4,67.7,REDUCAO_TERMICA
4,365,16.0,4.3,3.7,43.3,68.3,REDUCAO_TERMICA
4,370,16.08,4.0,3.7,43.4,69.0,REDUCAO_TERMICA
4,375,16.17,4.16,3.7,43.3,69.6,REDUCAO_TERMICA
4,380,16.25,3.48,3.7,43.5,70.2,REDUCAO_TERMICA
4,385,16.33,3.6,3.7,43.3,70.9,REDUCAO_TERMICA
4,390,16.42,3.71,3.7,43.0,71.5,REDUCAO_TERMICA
4,395,16.5,2.96,3.7,43.3,72.1,REDUCAO_TERMICA
4,400,16.58,3.19,3.7,43.4,72.8,REDUCAO_TERMICA
4,405,16.67,2.98,3.7,43.0,73.4,REDUCAO_TERMICA
4,410,16.75,3.21,3.7,42.7,74.0,REDUCAO_TERMICA
4,415,16.83,2.92,3.7,42.7,74.7,REDUCAO_TERMICA
4,420,16.92,2.37,3.7,42.4,75.3,REDUCAO_TERMICA
4,425,17.0,2.36,3.7,42.2,75.9,REDUCAO_TERMICA
4,430,17.08,2.13,3.7,41.9,76.5,REDUCAO_TERMICA
4,435,17.17,1.74,3.7,41.7,77.2,REDUCAO_TERMICA
4,440,17.25,1.92,3.7,42.1,77.8,REDUCAO_TERMICA
4,445,17.33,1.69,3.7,42.1,78.4,REDUCAO_TERMICA
4,450,17.42,1.38,3.7,41.9,79.1,REDUCAO_TERMICA
4,455,17.5,0.99,3.7,42.2,79.7,REDUCAO_TERMICA
4,460,17.58,1.05,3.7,42.1,80.0,REDUCAO_TERMICA
5,5,16.0,4.84,7.4,33.3,39.9,HIBRIDO_SOLAR_REDE
5,10,16.08,4.24,7.4,34.9,41.8,HIBRIDO_SOLAR_REDE
5,15,16.17,4.27,7.4,35.8,43.7,HIBRIDO_SOLAR_REDE
5,20,16.25,3.83,7.4,37.1,45.5,HIBRIDO_SOLAR_REDE
5,25,16.33,3.51,7.4,38.0,47.4,HIBRIDO_SOLAR_REDE
5,30,16.42,3.08,7.4,39.2,49.3,HIBRIDO_SOLAR_REDE
5,35,16.5,3.34,7.4,40.2,51.2,HIBRIDO_SOLAR_REDE
5,40,16.58,3.53,7.4,40.9,53.1,HIBRIDO_SOLAR_REDE
5,45,16.67,2.68,7.4,41.8,55.0,HIBRIDO_SOLAR_REDE
5,50,16.75,2.63,7.4,42.6,56.8,HIBRIDO_SOLAR_REDE
5,55,16.83,2.45,7.4,43.0,58.7,HIBRIDO_SOLAR_REDE
5,60,16.92,2.49,7.4,43.3,60.6,HIBRIDO_SOLAR_REDE
5,65,17.0,2.1,7.4,44.1,62.5,HIBRIDO_SOLAR_REDE
5,70,17.08,1.84,7.4,44.6,64.4,HIBRIDO_SOLAR_REDE
5,75,17.17,2.07,7.4,45.2,66.3,HIBRIDO_SOLAR_REDE
5,80,17.25,1.73,3.7,45.0,67.2,REDUCAO_TERMICA
5,85,17.33,1.61,3.7,44.9,68.2,REDUCAO_TERMICA
5,90,17.42,1.4,3.7,44.8,69.1,REDUCAO_TERMICA
5,95,17.5,1.2,3.7,44.7,70.0,REDUCAO_TERMICA
5,100,17.58,0.85,3.7,44.4,71.0,REDUCAO_TERMICA
5,105,17.67,0.68,3.7,43.9,71.9,REDUCAO_TERMICA
5,110,17.75,0.6,3.7,43.4,72.9,REDUCAO_TERMICA
5,115,17.83,0.36,1.85,42.9,73.3,REDUCAO_TERMICA
5,120,17.92,0.19,1.85,42.1,73.8,REDUCAO_TERMICA
5,125,18.0,0.0,1.85,41.4,74.3,REDUCAO_TERMICA
5,130,18.08,0.0,1.85,40.8,74.8,REDUCAO_TERMICA
5,135,18.17,0.0,3.7,40.8,75.7,REDE_POTENCIA_REDUZIDA
5,140,18.25,0.0,3.7,40.6,76.6,REDE_POTENCIA_REDUZIDA
5,145,18.33,0.0,3.7,40.7,77.6,REDE_POTENCIA_REDUZIDA
5,150,18.42,0.0,3.7,40.6,78.5,REDE_POTENCIA_REDUZIDA
5,155,18.5,0.0,3.7,40.4,79.5,REDE_POTENCIA_REDUZIDA
5,160,18.58,0.0,3.7,40.1,80.4,REDE_POTENCIA_REDUZIDA
5,165,18.67,0.0,2.22,39.6,81.0,REDE_POTENCIA_REDUZIDA
5,170,18.75,0.0,2.22,39.3,81.5,REDE_POTENCIA_REDUZIDA
5,175,18.83,0.0,2.22,39.1,82.1,REDE_POTENCIA_REDUZIDA
5,180,18.92,0.0,2.22,39.0,82.7,REDE_POTENCIA_REDUZIDA
5,185,19.0,0.0,2.22,38.8,83.2,REDE_POTENCIA_REDUZIDA
5,190,19.08,0.0,2.22,38.6,83.8,REDE_POTENCIA_REDUZIDA
5,195,19.17,0.0,2.22,38.2,84.4,REDE_POTENCIA_REDUZIDA
5,200,19.25,0.0,2.22,38.2,84.9,REDE_POTENCIA_REDUZIDA
5,205,19.33,0.0,2.22,38.2,85.5,REDE_POTENCIA_REDUZIDA
5,210,19.42,0.0,2.22,38.0,86.1,REDE_POTENCIA_REDUZIDA
5,215,19.5,0.0,2.22,38.0,86.6,REDE_POTENCIA_REDUZIDA
5,220,19.58,0.0,2.22,38.0,87.2,REDE_POTENCIA_REDUZIDA
5,225,19.67,0.0,2.22,38.1,87.8,REDE_POTENCIA_REDUZIDA
5,230,19.75,0.0,2.22,38.0,88.3,REDE_POTENCIA_REDUZIDA
5,235,19.83,0.0,2.22,37.9,88.9,REDE_POTENCIA_REDUZIDA
5,240,19.92,0.0,2.22,38.0,89.5,REDE_POTENCIA_REDUZIDA
5,245,20.0,0.0,2.22,38.0,90.0,REDE_POTENCIA_REDUZIDA
6,5,22.0,0.0,3.7,35.6,21.5,REDE_POTENCIA_REDUZIDA
6,10,22.08,0.0,3.7,36.1,22.1,REDE_POTENCIA_REDUZIDA
6,15,22.17,0.0,3.7,36.8,22.6,REDE_POTENCIA_REDUZIDA
6,20,22.25,0.0,3.7,37.6,23.2,REDE_POTENCIA_REDUZIDA
6,25,22.33,0.0,3.7,38.3,23.7,REDE_POTENCIA_REDUZIDA
6,30,22.42,0.0,3.7,38.5,24.3,REDE_POTENCIA_REDUZIDA
6,35,22.5,0.0,3.7,39.0,24.8,REDE_POTENCIA_REDUZIDA
6,40,22.58,0.0,3.7,39.3,25.4,REDE_POTENCIA_REDUZIDA
6,45,22.67,0.0,3.7,39.9,25.9,REDE_POTENCIA_REDUZIDA
6,50,22.75,0.0,3.7,40.5,26.5,REDE_POTENCIA_REDUZIDA
6,55,22.83,0.0,3.7,41.0,27.0,REDE_POTENCIA_REDUZIDA
6,60,22.92,0.0,3.7,41.0,27.5,REDE_POTENCIA_REDUZIDA
6,65,23.0,0.0,3.7,41.1,28.1,REDE_POTENCIA_REDUZIDA
6,70,23.08,0.0,3.7,41.5,28.6,REDE_POTENCIA_REDUZIDA
6,75,23.17,0.0,3.7,41.9,29.2,REDE_POTENCIA_REDUZIDA
6,80,23.25,0.0,3.7,42.0,29.7,REDE_POTENCIA_REDUZIDA
6,85,23.33,0.0,3.7,42.4,30.3,REDE_POTENCIA_REDUZIDA
6,90,23.42,0.0,3.7,42.5,30.8,REDE_POTENCIA_REDUZIDA
6,95,23.5,0.0,3.7,42.3,31.4,REDE_POTENCIA_REDUZIDA
6,100,23.58,0.0,3.7,42.3,31.9,REDE_POTENCIA_REDUZIDA
6,105,23.67,0.0,3.7,42.5,32.5,REDE_POTENCIA_REDUZIDA
6,110,23.75,0.0,3.7,42.5,33.0,REDE_POTENCIA_REDUZIDA
6,115,23.83,0.0,3.7,42.5,33.5,REDE_POTENCIA_REDUZIDA
6,120,23.92,0.0,3.7,42.7,34.1,REDE_POTENCIA_REDUZIDA
6,125,0.0,0.0,3.7,42.6,34.6,REDE_POTENCIA_REDUZIDA
6,130,0.08,0.0,3.7,42.8,35.2,REDE_POTENCIA_REDUZIDA
6,135,0.17,0.0,3.7,42.7,35.7,REDE_POTENCIA_REDUZIDA
6,140,0.25,0.0,3.7,42.6,36.3,REDE_POTENCIA_REDUZIDA
6,145,0.33,0.0,3.7,42.7,36.8,REDE_POTENCIA_REDUZIDA
6,150,0.42,0.0,3.7,42.9,37.4,REDE_POTENCIA_REDUZIDA
6,155,0.5,0.0,3.7,42.9,37.9,REDE_POTENCIA_REDUZIDA
6,160,0.58,0.0,3.7,43.2,38.5,REDE_POTENCIA_REDUZIDA
6,165,0.67,0.0,3.7,43.2,39.0,REDE_POTENCIA_REDUZIDA
6,170,0.75,0.0,3.7,43.4,39.5,REDE_POTENCIA_REDUZIDA
6,175,0.83,0.0,3.7,43.5,40.1,REDE_POTENCIA_REDUZIDA
6,180,0.92,0.0,3.7,43.7,40.6,REDE_POTENCIA_REDUZIDA
6,185,1.0,0.0,3.7,43.9,41.2,REDE_POTENCIA_REDUZIDA
6,190,1.08,0.0,3.7,43.9,41.7,REDE_POTENCIA_REDUZIDA
6,195,1.17,0.0,3.7,44.2,42.3,REDE_POTENCIA_REDUZIDA
6,200,1.25,0.0,3.7,44.3,42.8,REDE_POTENCIA_REDUZIDA
6,205,1.33,0.0,3.7,44.5,43.4,REDE_POTENCIA_REDUZIDA
6,210,1.42,0.0,3.7,44.6,43.9,REDE_POTENCIA_REDUZIDA
6,215,1.5,0.0,3.7,44.7,44.5,REDE_POTENCIA_REDUZIDA
6,220,1.58,0.0,3.7,44.9,45.0,REDE_POTENCIA_REDUZIDA
6,225,1.67,0.0,3.7,44.8,45.5,REDE_POTENCIA_REDUZIDA
6,230,1.75,0.0,3.7,44.6,46.1,REDE_POTENCIA_REDUZIDA
6,235,1.83,0.0,3.7,44.7,46.6,REDE_POTENCIA_REDUZIDA
6,240,1.92,0.0,3.7,44.5,47.2,REDE_POTENCIA_REDUZIDA
6,245,2.0,0.0,3.7,44.2,47.7,REDE_POTENCIA_REDUZIDA
6,250,2.08,0.0,3.7,43.9,48.3,REDE_POTENCIA_REDUZIDA
6,255,2.17,0.0,3.7,44.0,48.8,REDE_POTENCIA_REDUZIDA
6,260,2.25,0.0,3.7,44.0,49.4,REDE_POTENCIA_REDUZIDA
6,265,2.33,0.0,3.7,43.8,49.9,REDE_POTENCIA_REDUZIDA
6,270,2.42,0.0,3.7,43.7,50.5,REDE_POTENCIA_REDUZIDA
6,275,2.5,0.0,3.7,44.0,51.0,REDE_POTENCIA_REDUZIDA
6,280,2.58,0.0,3.7,44.1,51.5,REDE_POTENCIA_REDUZIDA
6,285,2.67,0.0,3.7,44.4,52.1,REDE_POTENCIA_REDUZIDA
6,290,2.75,0.0,3.7,44.1,52.6,REDE_POTENCIA_REDUZIDA
6,295,2.83,0.0,3.7,44.4,53.2,REDE_POTENCIA_REDUZIDA
6,300,2.92,0.0,3.7,44.3,53.7,REDE_POTENCIA_REDUZIDA
6,305,3.0,0.0,3.7,44.4,54.3,REDE_POTENCIA_REDUZIDA
6,310,3.08,0.0,3.7,44.3,54.8,REDE_POTENCIA_REDUZIDA
6,315,3.17,0.0,3.7,44.4,55.4,REDE_POTENCIA_REDUZIDA
6,320,3.25,0.0,3.7,44.5,55.9,REDE_POTENCIA_REDUZIDA
6,325,3.33,0.0,3.7,44.4,56.5,REDE_POTENCIA_REDUZIDA
6,330,3.42,0.0,3.7,44.4,57.0,REDE_POTENCIA_REDUZIDA
6,335,3.5,0.0,3.7,44.5,57.5,REDE_POTENCIA_REDUZIDA
6,340,3.58,0.0,3.7,44.6,58.1,REDE_POTENCIA_REDUZIDA
6,345,3.67,0.0,3.7,44.6,58.6,REDE_POTENCIA_REDUZIDA
6,350,3.75,0.0,3.7,44.8,59.2,REDE_POTENCIA_REDUZIDA
6,355,3.83,0.0,3.7,44.6,59.7,REDE_POTENCIA_REDUZIDA
6,360,3.92,0.0,3.7,44.8,60.3,REDE_POTENCIA_REDUZIDA
6,365,4.0,0.0,3.7,44.8,60.8,REDE_POTENCIA_REDUZIDA
6,370,4.08,0.0,3.7,44.8,61.4,REDE_POTENCIA_REDUZIDA
6,375,4.17,0.0,3.7,44.8,61.9,REDE_POTENCIA_REDUZIDA
6,380,4.25,0.0,3.7,44.5,62.5,REDE_POTENCIA_REDUZIDA
6,385,4.33,0.0,3.7,44.3,63.0,REDE_POTENCIA_REDUZIDA
6,390,4.42,0.0,3.7,44.2,63.5,REDE_POTENCIA_REDUZIDA
6,395,4.5,0.0,3.7,44.2,64.1,REDE_POTENCIA_REDUZIDA
6,400,4.58,0.0,3.7,44.1,64.6,REDE_POTENCIA_REDUZIDA
6,405,4.67,0.0,3.7,44.0,65.2,REDE_POTENCIA_REDUZIDA
6,410,4.75,0.0,3.7,43.8,65.7,REDE_POTENCIA_REDUZIDA
6,415,4.83,0.0,3.7,43.9,66.3,REDE_POTENCIA_REDUZIDA
6,420,4.92,0.0,3.7,43.7,66.8,REDE_POTENCIA_REDUZIDA
6,425,5.0,0.0,3.7,44.0,67.4,REDE_POTENCIA_REDUZIDA
6,430,5.08,0.0,3.7,44.0,67.9,REDE_POTENCIA_REDUZIDA
6,435,5.17,0.0,3.7,43.7,68.5,REDE_POTENCIA_REDUZIDA
6,440,5.25,0.0,3.7,44.0,69.0,REDE_POTENCIA_REDUZIDA
6,445,5.33,0.0,3.7,43.8,69.6,REDE_POTENCIA_REDUZIDA
6,450,5.42,0.0,3.7,43.7,70.1,REDE_POTENCIA_REDUZIDA
6,455,5.5,0.0,3.7,43.9,70.6,REDE_POTENCIA_REDUZIDA
6,460,5.58,0.0,3.7,43.8,71.2,REDE_POTENCIA_REDUZIDA
6,465,5.67,0.0,3.7,43.6,71.7,REDE_POTENCIA_REDUZIDA
6,470,5.75,0.0,3.7,43.7,72.3,REDE_POTENCIA_REDUZIDA
6,475,5.83,0.0,3.7,43.9,72.8,REDE_POTENCIA_REDUZIDA
6,480,5.92,0.0,3.7,43.9,73.4,REDE_POTENCIA_REDUZIDA
6,485,6.0,0.0,3.7,43.7,73.9,REDE_POTENCIA_REDUZIDA
6,490,6.08,0.18,3.7,43.8,74.5,REDE_POTENCIA_REDUZIDA
6,495,6.17,0.35,3.7,43.6,75.0,REDE_POTENCIA_REDUZIDA
6,500,6.25,0.63,7.4,44.6,76.1,HIBRIDO_SOLAR_REDE
6,505,6.33,0.81,7.4,45.2,77.2,HIBRIDO_SOLAR_REDE
6,510,6.42,0.96,3.7,45.0,77.7,REDUCAO_TERMICA
6,515,6.5,0.99,3.7,44.9,78.3,REDUCAO_TERMICA
6,520,6.58,1.18,3.7,44.8,78.8,REDUCAO_TERMICA
6,525,6.67,1.71,3.7,44.6,79.4,REDUCAO_TERMICA
6,530,6.75,1.56,3.7,44.3,79.9,REDUCAO_TERMICA
6,535,6.83,2.06,3.7,44.2,80.5,REDUCAO_TERMICA
6,540,6.92,1.88,2.22,43.7,80.8,REDUCAO_TERMICA
6,545,7.0,2.38,2.22,43.4,81.1,REDUCAO_TERMICA
6,550,7.08,2.15,2.22,43.4,81.4,REDUCAO_TERMICA
6,555,7.17,2.56,2.22,43.1,81.8,REDUCAO_TERMICA
6,560,7.25,2.54,2.22,43.1,82.1,REDUCAO_TERMICA
6,565,7.33,3.06,2.22,42.8,82.4,REDUCAO_TERMICA
6,570,7.42,2.82,2.22,42.7,82.8,REDUCAO_TERMICA
6,575,7.5,3.61,2.22,42.3,83.1,REDUCAO_TERMICA
6,580,7.58,3.52,2.22,42.0,83.4,REDUCAO_TERMICA
6,585,7.67,3.24,2.22,42.1,83.7,REDUCAO_TERMICA
6,590,7.75,4.18,2.22,42.2,84.1,REDUCAO_TERMICA
6,595,7.83,3.87,2.22,42.4,84.4,REDUCAO_TERMICA
6,600,7.92,3.74,2.22,42.4,84.7,REDUCAO_TERMICA
6,605,8.0,3.78,2.22,42.1,85.0,REDUCAO_TERMICA
6,610,8.08,5.0,2.22,41.8,85.4,REDUCAO_TERMICA
6,615,8.17,5.1,2.22,41.6,85.7,REDUCAO_TERMICA
6,620,8.25,4.76,2.22,41.3,86.0,REDUCAO_TERMICA
6,625,8.33,4.81,2.22,41.1,86.4,REDUCAO_TERMICA
6,630,8.42,4.47,2.22,41.1,86.7,REDUCAO_TERMICA
6,635,8.5,5.86,2.22,41.2,87.0,REDUCAO_TERMICA
6,640,8.58,5.89,2.22,40.9,87.3,REDUCAO_TERMICA
6,645,8.67,5.02,4.44,41.6,88.0,HIBRIDO_SOLAR_REDE
6,650,8.75,5.85,4.44,42.0,88.6,HIBRIDO_SOLAR_REDE
6,655,8.83,5.85,4.44,42.4,89.3,HIBRIDO_SOLAR_REDE
6,660,8.92,6.22,4.44,42.9,90.0,HIBRIDO_SOLAR_REDE
6,665,9.0,6.53,4.44,43.3,90.0,HIBRIDO_SOLAR_REDE
7,5,2.0,0.0,3.7,23.5,5.7,REDE_POTENCIA_REDUZIDA
7,10,2.08,0.0,3.7,24.4,6.4,REDE_POTENCIA_REDUZIDA
7,15,2.17,0.0,3.7,25.1,7.1,REDE_POTENCIA_REDUZIDA
7,20,2.25,0.0,3.7,26.0,7.8,REDE_POTENCIA_REDUZIDA
7,25,2.33,0.0,3.7,26.5,8.5,REDE_POTENCIA_REDUZIDA
7,30,2.42,0.0,3.7,26.8,9.3,REDE_POTENCIA_REDUZIDA
7,35,2.5,0.0,3.7,27.3,10.0,REDE_POTENCIA_REDUZIDA
7,40,2.58,0.0,3.7,27.8,10.7,REDE_POTENCIA_REDUZIDA
7,45,2.67,0.0,3.7,28.0,11.4,REDE_POTENCIA_REDUZIDA
7,50,2.75,0.0,3.7,28.6,12.1,REDE_POTENCIA_REDUZIDA
7,55,2.83,0.0,3.7,29.1,12.8,REDE_POTENCIA_REDUZIDA
7,60,2.92,0.0,3.7,29.4,13.5,REDE_POTENCIA_REDUZIDA
7,65,3.0,0.0,3.7,29.8,14.2,REDE_POTENCIA_REDUZIDA
7,70,3.08,0.0,3.7,29.9,14.9,REDE_POTENCIA_REDUZIDA
7,75,3.17,0.0,3.7,29.8,15.6,REDE_POTENCIA_REDUZIDA
7,80,3.25,0.0,3.7,30.1,16.3,REDE_POTENCIA_REDUZIDA
7,85,3.33,0.0,3.7,30.4,17.1,REDE_POTENCIA_REDUZIDA
7,90,3.42,0.0,3.7,30.8,17.8,REDE_POTENCIA_REDUZIDA
7,95,3.5,0.0,3.7,30.7,18.5,REDE_POTENCIA_REDUZIDA
7,100,3.58,0.0,3.7,30.9,19.2,REDE_POTENCIA_REDUZIDA
7,105,3.67,0.0,3.7,31.1,19.9,REDE_POTENCIA_REDUZIDA
7,110,3.75,0.0,3.7,31.2,20.6,REDE_POTENCIA_REDUZIDA
7,115,3.83,0.0,3.7,31.0,21.3,REDE_POTENCIA_REDUZIDA
7,120,3.92,0.0,3.7,31.3,22.0,REDE_POTENCIA_REDUZIDA
7,125,4.0,0.0,3.7,31.6,22.7,REDE_POTENCIA_REDUZIDA
7,130,4.08,0.0,3.7,31.7,23.4,REDE_POTENCIA_REDUZIDA
7,135,4.17,0.0,3.7,31.6,24.1,REDE_POTENCIA_REDUZIDA
7,140,4.25,0.0,3.7,31.4,24.9,REDE_POTENCIA_REDUZIDA
7,145,4.33,0.0,3.7,31.2,25.6,REDE_POTENCIA_REDUZIDA
7,150,4.42,0.0,3.7,31.2,26.3,REDE_POTENCIA_REDUZIDA
7,155,4.5,0.0,3.7,31.5,27.0,REDE_POTENCIA_REDUZIDA
7,160,4.58,0.0,3.7,31.7,27.7,REDE_POTENCIA_REDUZIDA
7,165,4.67,0.0,3.7,31.5,28.4,REDE_POTENCIA_REDUZIDA
7,170,4.75,0.0,3.7,31.7,29.1,REDE_POTENCIA_REDUZIDA
7,175,4.83,0.0,3.7,31.8,29.8,REDE_POTENCIA_REDUZIDA
7,180,4.92,0.0,3.7,32.2,30.5,REDE_POTENCIA_REDUZIDA
7,185,5.0,0.0,3.7,31.9,31.2,REDE_POTENCIA_REDUZIDA
7,190,5.08,0.0,3.7,32.2,31.9,REDE_POTENCIA_REDUZIDA
7,195,5.17,0.0,3.7,32.1,32.7,REDE_POTENCIA_REDUZIDA
7,200,5.25,0.0,3.7,31.8,33.4,REDE_POTENCIA_REDUZIDA
7,205,5.33,0.0,3.7,31.8,34.1,REDE_POTENCIA_REDUZIDA
7,210,5.42,0.0,3.7,31.6,34.8,REDE_POTENCIA_REDUZIDA
7,215,5.5,0.0,3.7,31.6,35.5,REDE_POTENCIA_REDUZIDA
7,220,5.58,0.0,3.7,31.6,36.2,REDE_POTENCIA_REDUZIDA
7,225,5.67,0.0,3.7,31.8,36.9,REDE_POTENCIA_REDUZIDA
7,230,5.75,0.0,3.7,31.9,37.6,REDE_POTENCIA_REDUZIDA
7,235,5.83,0.0,3.7,31.8,38.3,REDE_POTENCIA_REDUZIDA
7,240,5.92,0.0,3.7,32.0,39.0,REDE_POTENCIA_REDUZIDA
7,245,6.0,0.0,3.7,31.8,39.7,REDE_POTENCIA_REDUZIDA
7,250,6.08,0.2,3.7,31.5,40.5,REDE_POTENCIA_REDUZIDA
7,255,6.17,0.34,3.7,31.6,41.2,REDE_POTENCIA_REDUZIDA
7,260,6.25,0.65,7.4,32.7,42.6,HIBRIDO_SOLAR_REDE
7,265,6.33,0.74,7.4,33.5,44.0,HIBRIDO_SOLAR_REDE
7,270,6.42,1.08,7.4,34.1,45.4,HIBRIDO_SOLAR_REDE
7,275,6.5,1.01,7.4,34.7,46.8,HIBRIDO_SOLAR_REDE
7,280,6.58,1.28,7.4,35.1,48.3,HIBRIDO_SOLAR_REDE
7,285,6.67,1.46,7.4,35.7,49.7,HIBRIDO_SOLAR_REDE
7,290,6.75,1.58,7.4,36.2,51.1,HIBRIDO_SOLAR_REDE
7,295,6.83,1.71,7.4,36.6,52.5,HIBRIDO_SOLAR_REDE
7,300,6.92,1.93,7.4,36.9,53.9,HIBRIDO_SOLAR_REDE
7,305,7.0,2.09,7.4,37.3,55.4,HIBRIDO_SOLAR_REDE
7,310,7.08,2.49,7.4,37.4,56.8,HIBRIDO_SOLAR_REDE
7,315,7.17,2.46,7.4,37.6,58.2,HIBRIDO_SOLAR_REDE
7,320,7.25,2.55,7.4,38.2,59.6,HIBRIDO_SOLAR_REDE
7,325,7.33,3.34,7.4,38.2,61.0,HIBRIDO_SOLAR_REDE
7,330,7.42,3.18,7.4,38.4,62.4,HIBRIDO_SOLAR_REDE
7,335,7.5,2.92,7.4,38.4,63.9,HIBRIDO_SOLAR_REDE
7,340,7.58,3.82,7.4,38.7,65.3,HIBRIDO_SOLAR_REDE
7,345,7.67,3.81,7.4,39.2,66.7,HIBRIDO_SOLAR_REDE
7,350,7.75,3.84,7.4,39.2,68.1,HIBRIDO_SOLAR_REDE
7,355,7.83,4.58,7.4,39.5,69.5,HIBRIDO_SOLAR_REDE
7,360,7.92,4.45,7.4,39.4,71.0,HIBRIDO_SOLAR_REDE
7,365,8.0,4.06,7.4,39.5,72.4,HIBRIDO_SOLAR_REDE
7,370,8.08,4.02,7.4,39.7,73.8,HIBRIDO_SOLAR_REDE
7,375,8.17,4.22,7.4,39.7,75.2,HIBRIDO_SOLAR_REDE
7,380,8.25,5.54,7.4,40.1,76.6,HIBRIDO_SOLAR_REDE
7,385,8.33,4.6,7.4,40.3,78.0,HIBRIDO_SOLAR_REDE
7,390,8.42,5.06,7.4,40.3,79.5,HIBRIDO_SOLAR_REDE
7,395,8.5,5.86,7.4,40.5,80.0,HIBRIDO_SOLAR_REDE
8,5,8.0,3.96,7.4,28.4,12.4,HIBRIDO_SOLAR_REDE
8,10,8.08,4.72,7.4,29.9,13.8,HIBRIDO_SOLAR_REDE
8,15,8.17,4.54,7.4,31.0,15.3,HIBRIDO_SOLAR_REDE
8,20,8.25,5.54,7.4,32.2,16.7,HIBRIDO_SOLAR_REDE
8,25,8.33,5.68,7.4,33.0,18.1,HIBRIDO_SOLAR_REDE
8,30,8.42,4.93,7.4,34.0,19.5,HIBRIDO_SOLAR_REDE
8,35,8.5,4.82,7.4,34.7,20.9,HIBRIDO_SOLAR_REDE
8,40,8.58,4.95,7.4,35.5,22.3,HIBRIDO_SOLAR_REDE
8,45,8.67,5.23,7.4,36.1,23.8,HIBRIDO_SOLAR_REDE
8,50,8.75,6.46,7.4,37.1,25.2,HIBRIDO_SOLAR_REDE
8,55,8.83,5.33,7.4,37.9,26.6,HIBRIDO_SOLAR_REDE
8,60,8.92,6.2,7.4,38.5,28.0,HIBRIDO_SOLAR_REDE
8,65,9.0,5.91,7.4,38.8,29.4,HIBRIDO_SOLAR_REDE
8,70,9.08,6.01,7.4,39.4,30.9,HIBRIDO_SOLAR_REDE
8,75,9.17,7.2,7.4,39.9,32.3,HIBRIDO_SOLAR_REDE
8,80,9.25,6.74,7.4,40.3,33.7,HIBRIDO_SOLAR_REDE
8,85,9.33,6.07,7.4,40.9,35.1,HIBRIDO_SOLAR_REDE
8,90,9.42,6.55,7.4,41.0,36.5,HIBRIDO_SOLAR_REDE
8,95,9.5,6.09,7.4,41.1,37.9,HIBRIDO_SOLAR_REDE
8,100,9.58,6.49,7.4,41.3,39.4,HIBRIDO_SOLAR_REDE
8,105,9.67,7.16,7.4,41.4,40.8,HIBRIDO_SOLAR_REDE
8,110,9.75,6.44,7.4,41.8,42.2,HIBRIDO_SOLAR_REDE
8,115,9.83,6.44,7.4,42.1,43.6,HIBRIDO_SOLAR_REDE
8,120,9.92,6.46,7.4,42.2,45.0,HIBRIDO_SOLAR_REDE
8,125,10.0,6.63,7.4,42.5,46.5,HIBRIDO_SOLAR_REDE
8,130,10.08,6.63,7.4,42.6,47.9,HIBRIDO_SOLAR_REDE
8,135,10.17,7.4,7.4,42.9,49.3,SOLAR_TOTAL
8,140,10.25,8.91,7.4,43.0,50.7,SOLAR_TOTAL
8,145,10.33,8.16,7.4,43.1,52.1,SOLAR_TOTAL
8,150,10.42,6.88,7.4,43.1,53.6,HIBRIDO_SOLAR_REDE
8,155,10.5,8.65,7.4,43.4,55.0,SOLAR_TOTAL
8,160,10.58,7.62,7.4,43.5,56.4,SOLAR_TOTAL
8,165,10.67,8.66,7.4,43.8,57.8,SOLAR_TOTAL
8,170,10.75,7.64,7.4,44.0,59.2,SOLAR_TOTAL
8,175,10.83,8.88,7.4,44.3,60.6,SOLAR_TOTAL
8,180,10.92,7.56,7.4,44.6,62.1,SOLAR_TOTAL
8,185,11.0,8.53,7.4,44.7,63.5,SOLAR_TOTAL
8,190,11.08,8.24,7.4,45.0,64.9,SOLAR_TOTAL
8,195,11.17,7.54,7.4,45.1,66.3,SOLAR_TOTAL
8,200,11.25,8.07,3.7,44.5,67.0,REDUCAO_TERMICA
8,205,11.33,8.34,3.7,44.0,67.7,REDUCAO_TERMICA
8,210,11.42,7.57,3.7,43.4,68.4,REDUCAO_TERMICA
8,215,11.5,8.4,3.7,42.6,69.2,REDUCAO_TERMICA
8,220,11.58,9.63,3.7,42.3,69.9,REDUCAO_TERMICA
8,225,11.67,9.67,3.7,42.0,70.6,REDUCAO_TERMICA
8,230,11.75,8.54,3.7,41.6,71.3,REDUCAO_TERMICA
8,235,11.83,8.12,3.7,41.1,72.0,REDUCAO_TERMICA
8,240,11.92,7.69,3.7,40.5,72.7,REDUCAO_TERMICA
8,245,12.0,9.27,7.4,40.9,74.1,SOLAR_TOTAL
8,250,12.08,9.53,7.4,41.4,75.5,SOLAR_TOTAL
8,255,12.17,8.1,7.4,41.5,77.0,SOLAR_TOTAL
8,260,12.25,9.63,7.4,42.0,78.4,SOLAR_TOTAL
8,265,12.33,9.41,7.4,42.3,79.8,SOLAR_TOTAL
8,270,12.42,8.29,7.4,42.6,80.0,SOLAR_TOTAL
9,5,2.0,0.0,3.7,27.5,43.9,REDE_POTENCIA_REDUZIDA
9,10,2.08,0.0,3.7,28.1,44.9,REDE_POTENCIA_REDUZIDA
9,15,2.17,0.0,3.7,28.7,45.8,REDE_POTENCIA_REDUZIDA
9,20,2.25,0.0,3.7,29.5,46.8,REDE_POTENCIA_REDUZIDA
9,25,2.33,0.0,3.7,30.1,47.7,REDE_POTENCIA_REDUZIDA
9,30,2.42,0.0,3.7,30.4,48.6,REDE_POTENCIA_REDUZIDA
9,35,2.5,0.0,3.7,30.8,49.6,REDE_POTENCIA_REDUZIDA
9,40,2.58,0.0,3.7,31.4,50.5,REDE_POTENCIA_REDUZIDA
9,45,2.67,0.0,3.7,31.6,51.5,REDE_POTENCIA_REDUZIDA
9,50,2.75,0.0,3.7,31.9,52.4,REDE_POTENCIA_REDUZIDA
9,55,2.83,0.0,3.7,32.3,53.3,REDE_POTENCIA_REDUZIDA
9,60,2.92,0.0,3.7,32.9,54.3,REDE_POTENCIA_REDUZIDA
9,65,3.0,0.0,3.7,33.3,55.2,REDE_POTENCIA_REDUZIDA
9,70,3.08,0.0,3.7,33.5,56.2,REDE_POTENCIA_REDUZIDA
9,75,3.17,0.0,3.7,33.4,57.1,REDE_POTENCIA_REDUZIDA
9,80,3.25,0.0,3.7,33.9,58.0,REDE_POTENCIA_REDUZIDA
9,85,3.33,0.0,3.7,34.3,59.0,REDE_POTENCIA_REDUZIDA
9,90,3.42,0.0,3.7,34.3,59.9,REDE_POTENCIA_REDUZIDA
9,95,3.5,0.0,3.7,34.5,60.8,REDE_POTENCIA_REDUZIDA
9,100,3.58,0.0,3.7,34.9,61.8,REDE_POTENCIA_REDUZIDA
9,105,3.67,0.0,3.7,35.0,62.7,REDE_POTENCIA_REDUZIDA
9,110,3.75,0.0,3.7,35.3,63.7,REDE_POTENCIA_REDUZIDA
9,115,3.83,0.0,3.7,35.6,64.6,REDE_POTENCIA_REDUZIDA
9,120,3.92,0.0,3.7,35.8,65.5,REDE_POTENCIA_REDUZIDA
9,125,4.0,0.0,3.7,35.7,66.5,REDE_POTENCIA_REDUZIDA
9,130,4.08,0.0,3.7,35.5,67.4,REDE_POTENCIA_REDUZIDA
9,135,4.17,0.0,3.7,35.7,68.4,REDE_POTENCIA_REDUZIDA
9,140,4.25,0.0,3.7,35.6,69.3,REDE_POTENCIA_REDUZIDA
9,145,4.33,0.0,3.7,35.9,70.2,REDE_POTENCIA_REDUZIDA
9,150,4.42,0.0,3.7,36.0,71.2,REDE_POTENCIA_REDUZIDA
9,155,4.5,0.0,3.7,35.9,72.1,REDE_POTENCIA_REDUZIDA
9,160,4.58,0.0,3.7,35.7,73.1,REDE_POTENCIA_REDUZIDA
9,165,4.67,0.0,3.7,36.0,74.0,REDE_POTENCIA_REDUZIDA
9,170,4.75,0.0,3.7,36.1,74.9,REDE_POTENCIA_REDUZIDA
9,175,4.83,0.0,3.7,35.8,75.9,REDE_POTENCIA_REDUZIDA
9,180,4.92,0.0,3.7,35.9,76.8,REDE_POTENCIA_REDUZIDA
9,185,5.0,0.0,3.7,35.8,77.8,REDE_POTENCIA_REDUZIDA
9,190,5.08,0.0,3.7,35.8,78.7,REDE_POTENCIA_REDUZIDA
9,195,5.17,0.0,3.7,36.1,79.6,REDE_POTENCIA_REDUZIDA
9,200,5.25,0.0,3.7,36.0,80.0,REDE_POTENCIA_REDUZIDA
10,5,9.0,6.6,7.4,30.7,21.9,HIBRIDO_SOLAR_REDE
10,10,9.08,7.19,7.4,32.2,23.8,HIBRIDO_SOLAR_REDE
10,15,9.17,5.68,7.4,33.7,25.7,HIBRIDO_SOLAR_REDE
10,20,9.25,6.31,7.4,34.7,27.5,HIBRIDO_SOLAR_REDE
10,25,9.33,6.34,7.4,35.9,29.4,HIBRIDO_SOLAR_REDE
10,30,9.42,6.65,7.4,37.0,31.3,HIBRIDO_SOLAR_REDE
10,35,9.5,7.64,7.4,37.6,33.2,SOLAR_TOTAL
10,40,9.58,7.18,7.4,38.3,35.1,HIBRIDO_SOLAR_REDE
10,45,9.67,6.22,7.4,38.9,37.0,HIBRIDO_SOLAR_REDE
10,50,9.75,8.27,7.4,39.9,38.8,SOLAR_TOTAL
10,55,9.83,7.21,7.4,40.4,40.7,HIBRIDO_SOLAR_REDE
10,60,9.92,8.37,7.4,41.0,42.6,SOLAR_TOTAL
10,65,10.0,8.17,7.4,41.4,44.5,SOLAR_TOTAL
10,70,10.08,6.71,7.4,41.8,46.4,HIBRIDO_SOLAR_REDE
10,75,10.17,7.54,7.4,42.3,48.3,SOLAR_TOTAL
10,80,10.25,8.02,7.4,42.6,50.2,SOLAR_TOTAL
10,85,10.33,7.04,7.4,43.1,52.0,HIBRIDO_SOLAR_REDE
10,90,10.42,7.06,7.4,43.5,53.9,HIBRIDO_SOLAR_REDE
10,95,10.5,8.03,7.4,44.1,55.8,SOLAR_TOTAL
10,100,10.58,7.1,7.4,44.2,57.7,HIBRIDO_SOLAR_REDE
10,105,10.67,8.31,7.4,44.6,59.6,SOLAR_TOTAL
10,110,10.75,7.58,7.4,45.0,61.5,SOLAR_TOTAL
10,115,10.83,7.7,3.7,44.8,62.4,REDUCAO_TERMICA
10,120,10.92,7.38,3.7,44.2,63.4,REDUCAO_TERMICA
10,125,11.0,9.47,3.7,43.7,64.3,REDUCAO_TERMICA
10,130,11.08,7.36,3.7,43.5,65.2,REDUCAO_TERMICA
10,135,11.17,8.15,3.7,43.0,66.2,REDUCAO_TERMICA
10,140,11.25,7.55,3.7,42.5,67.1,REDUCAO_TERMICA
10,145,11.33,7.45,3.7,42.5,68.1,REDUCAO_TERMICA
10,150,11.42,9.82,3.7,42.3,69.0,REDUCAO_TERMICA
10,155,11.5,8.31,3.7,41.7,69.9,REDUCAO_TERMICA
10,160,11.58,8.36,3.7,41.4,70.9,REDUCAO_TERMICA
10,165,11.67,8.22,3.7,41.4,71.8,REDUCAO_TERMICA
10,170,11.75,7.88,3.7,41.0,72.8,REDUCAO_TERMICA
10,175,11.83,9.91,3.7,40.6,73.7,REDUCAO_TERMICA
10,180,11.92,9.6,7.4,41.0,75.6,SOLAR_TOTAL
10,185,12.0,9.24,7.4,41.5,77.5,SOLAR_TOTAL
10,190,12.08,7.63,7.4,41.8,79.4,SOLAR_TOTAL
10,195,12.17,7.75,7.4,42.4,81.3,SOLAR_TOTAL
10,200,12.25,9.48,4.44,42.5,82.4,SOLAR_TOTAL
10,205,12.33,8.65,4.44,42.4,83.5,SOLAR_TOTAL
10,210,12.42,7.79,4.44,42.4,84.6,SOLAR_TOTAL
10,215,12.5,7.92,4.44,42.3,85.8,SOLAR_TOTAL
10,220,12.58,9.75,4.44,42.0,86.9,SOLAR_TOTAL
10,225,12.67,7.81,4.44,42.1,88.0,SOLAR_TOTAL
10,230,12.75,8.47,4.44,41.7,89.2,SOLAR_TOTAL
10,235,12.83,7.76,4.44,41.6,90.0,SOLAR_TOTAL
11,5,21.0,0.0,3.7,29.3,10.4,REDE_POTENCIA_REDUZIDA
11,10,21.08,0.0,3.7,30.2,10.9,REDE_POTENCIA_REDUZIDA
11,15,21.17,0.0,3.7,30.7,11.3,REDE_POTENCIA_REDUZIDA
11,20,21.25,0.0,3.7,31.6,11.7,REDE_POTENCIA_REDUZIDA
11,25,21.33,0.0,3.7,32.0,12.2,REDE_POTENCIA_REDUZIDA
11,30,21.42,0.0,3.7,32.6,12.6,REDE_POTENCIA_REDUZIDA
11,35,21.5,0.0,3.7,33.0,13.1,REDE_POTENCIA_REDUZIDA
11,40,21.58,0.0,3.7,33.5,13.5,REDE_POTENCIA_REDUZIDA
11,45,21.67,0.0,3.7,34.0,13.9,REDE_POTENCIA_REDUZIDA
11,50,21.75,0.0,3.7,34.3,14.4,REDE_POTENCIA_REDUZIDA
11,55,21.83,0.0,3.7,34.3,14.8,REDE_POTENCIA_REDUZIDA
11,60,21.92,0.0,3.7,34.5,15.2,REDE_POTENCIA_REDUZIDA
11,65,22.0,0.0,3.7,34.8,15.7,REDE_POTENCIA_REDUZIDA
11,70,22.08,0.0,3.7,34.9,16.1,REDE_POTENCIA_REDUZIDA
11,75,22.17,0.0,3.7,34.9,16.5,REDE_POTENCIA_REDUZIDA
11,80,22.25,0.0,3.7,35.4,17.0,REDE_POTENCIA_REDUZIDA
11,85,22.33,0.0,3.7,35.3,17.4,REDE_POTENCIA_REDUZIDA
11,90,22.42,0.0,3.7,35.8,17.9,REDE_POTENCIA_REDUZIDA
11,95,22.5,0.0,3.7,35.7,18.3,REDE_POTENCIA_REDUZIDA
11,100,22.58,0.0,3.7,35.6,18.7,REDE_POTENCIA_REDUZIDA
11,105,22.67,0.0,3.7,35.9,19.2,REDE_POTENCIA_REDUZIDA
11,110,22.75,0.0,3.7,36.0,19.6,REDE_POTENCIA_REDUZIDA
11,115,22.83,0.0,3.7,35.9,20.0,REDE_POTENCIA_REDUZIDA
11,120,22.92,0.0,3.7,36.1,20.5,REDE_POTENCIA_REDUZIDA
11,125,23.0,0.0,3.7,36.5,20.9,REDE_POTENCIA_REDUZIDA
11,130,23.08,0.0,3.7,36.6,21.3,REDE_POTENCIA_REDUZIDA
11,135,23.17,0.0,3.7,36.4,21.8,REDE_POTENCIA_REDUZIDA
11,140,23.25,0.0,3.7,36.3,22.2,REDE_POTENCIA_REDUZIDA
11,145,23.33,0.0,3.7,36.2,22.7,REDE_POTENCIA_REDUZIDA
11,150,23.42,0.0,3.7,36.4,23.1,REDE_POTENCIA_REDUZIDA
11,155,23.5,0.0,3.7,36.4,23.5,REDE_POTENCIA_REDUZIDA
11,160,23.58,0.0,3.7,36.3,24.0,REDE_POTENCIA_REDUZIDA
11,165,23.67,0.0,3.7,36.5,24.4,REDE_POTENCIA_REDUZIDA
11,170,23.75,0.0,3.7,36.8,24.8,REDE_POTENCIA_REDUZIDA
11,175,23.83,0.0,3.7,37.1,25.3,REDE_POTENCIA_REDUZIDA
11,180,23.92,0.0,3.7,37.3,25.7,REDE_POTENCIA_REDUZIDA
11,185,0.0,0.0,3.7,37.1,26.1,REDE_POTENCIA_REDUZIDA
11,190,0.08,0.0,3.7,37.2,26.6,REDE_POTENCIA_REDUZIDA
11,195,0.17,0.0,3.7,37.0,27.0,REDE_POTENCIA_REDUZIDA
11,200,0.25,0.0,3.7,36.9,27.5,REDE_POTENCIA_REDUZIDA
11,205,0.33,0.0,3.7,37.3,27.9,REDE_POTENCIA_REDUZIDA
11,210,0.42,0.0,3.7,37.2,28.3,REDE_POTENCIA_REDUZIDA
11,215,0.5,0.0,3.7,37.0,28.8,REDE_POTENCIA_REDUZIDA
11,220,0.58,0.0,3.7,37.2,29.2,REDE_POTENCIA_REDUZIDA
11,225,0.67,0.0,3.7,37.1,29.6,REDE_POTENCIA_REDUZIDA
11,230,0.75,0.0,3.7,37.0,30.1,REDE_POTENCIA_REDUZIDA
11,235,0.83,0.0,3.7,37.0,30.5,REDE_POTENCIA_REDUZIDA
11,240,0.92,0.0,3.7,37.2,30.9,REDE_POTENCIA_REDUZIDA
11,245,1.0,0.0,3.7,37.0,31.4,REDE_POTENCIA_REDUZIDA
11,250,1.08,0.0,3.7,36.9,31.8,REDE_POTENCIA_REDUZIDA
11,255,1.17,0.0,3.7,37.2,32.3,REDE_POTENCIA_REDUZIDA
11,260,1.25,0.0,3.7,37.6,32.7,REDE_POTENCIA_REDUZIDA
11,265,1.33,0.0,3.7,37.5,33.1,REDE_POTENCIA_REDUZIDA
11,270,1.42,0.0,3.7,37.5,33.6,REDE_POTENCIA_REDUZIDA
11,275,1.5,0.0,3.7,37.7,34.0,REDE_POTENCIA_REDUZIDA
11,280,1.58,0.0,3.7,37.9,34.4,REDE_POTENCIA_REDUZIDA
11,285,1.67,0.0,3.7,38.1,34.9,REDE_POTENCIA_REDUZIDA
11,290,1.75,0.0,3.7,38.0,35.3,REDE_POTENCIA_REDUZIDA
11,295,1.83,0.0,3.7,38.2,35.7,REDE_POTENCIA_REDUZIDA
11,300,1.92,0.0,3.7,38.0,36.2,REDE_POTENCIA_REDUZIDA
11,305,2.0,0.0,3.7,38.3,36.6,REDE_POTENCIA_REDUZIDA
11,310,2.08,0.0,3.7,38.3,37.1,REDE_POTENCIA_REDUZIDA
11,315,2.17,0.0,3.7,38.3,37.5,REDE_POTENCIA_REDUZIDA
11,320,2.25,0.0,3.7,38.0,37.9,REDE_POTENCIA_REDUZIDA
11,325,2.33,0.0,3.7,38.0,38.4,REDE_POTENCIA_REDUZIDA
11,330,2.42,0.0,3.7,38.0,38.8,REDE_POTENCIA_REDUZIDA
11,335,2.5,0.0,3.7,38.1,39.2,REDE_POTENCIA_REDUZIDA
11,340,2.58,0.0,3.7,38.0,39.7,REDE_POTENCIA_REDUZIDA
11,345,2.67,0.0,3.7,38.2,40.1,REDE_POTENCIA_REDUZIDA
11,350,2.75,0.0,3.7,38.4,40.5,REDE_POTENCIA_REDUZIDA
11,355,2.83,0.0,3.7,38.5,41.0,REDE_POTENCIA_REDUZIDA
11,360,2.92,0.0,3.7,38.3,41.4,REDE_POTENCIA_REDUZIDA
11,365,3.0,0.0,3.7,38.2,41.9,REDE_POTENCIA_REDUZIDA
11,370,3.08,0.0,3.7,37.9,42.3,REDE_POTENCIA_REDUZIDA
11,375,3.17,0.0,3.7,38.1,42.7,REDE_POTENCIA_REDUZIDA
11,380,3.25,0.0,3.7,37.9,43.2,REDE_POTENCIA_REDUZIDA
11,385,3.33,0.0,3.7,37.9,43.6,REDE_POTENCIA_REDUZIDA
11,390,3.42,0.0,3.7,37.9,44.0,REDE_POTENCIA_REDUZIDA
11,395,3.5,0.0,3.7,37.9,44.5,REDE_POTENCIA_REDUZIDA
11,400,3.58,0.0,3.7,37.7,44.9,REDE_POTENCIA_REDUZIDA
11,405,3.67,0.0,3.7,37.6,45.3,REDE_POTENCIA_REDUZIDA
11,410,3.75,0.0,3.7,37.9,45.8,REDE_POTENCIA_REDUZIDA
11,415,3.83,0.0,3.7,38.1,46.2,REDE_POTENCIA_REDUZIDA
11,420,3.92,0.0,3.7,38.0,46.7,REDE_POTENCIA_REDUZIDA
11,425,4.0,0.0,3.7,38.1,47.1,REDE_POTENCIA_REDUZIDA
11,430,4.08,0.0,3.7,37.9,47.5,REDE_POTENCIA_REDUZIDA
11,435,4.17,0.0,3.7,37.9,48.0,REDE_POTENCIA_REDUZIDA
11,440,4.25,0.0,3.7,37.7,48.4,REDE_POTENCIA_REDUZIDA
11,445,4.33,0.0,3.7,37.5,48.8,REDE_POTENCIA_REDUZIDA
11,450,4.42,0.0,3.7,37.7,49.3,REDE_POTENCIA_REDUZIDA
11,455,4.5,0.0,3.7,37.6,49.7,REDE_POTENCIA_REDUZIDA
11,460,4.58,0.0,3.7,37.5,50.1,REDE_POTENCIA_REDUZIDA
11,465,4.67,0.0,3.7,37.4,50.6,REDE_POTENCIA_REDUZIDA
11,470,4.75,0.0,3.7,37.5,51.0,REDE_POTENCIA_REDUZIDA
11,475,4.83,0.0,3.7,37.6,51.5,REDE_POTENCIA_REDUZIDA
11,480,4.92,0.0,3.7,37.5,51.9,REDE_POTENCIA_REDUZIDA
11,485,5.0,0.0,3.7,37.8,52.3,REDE_POTENCIA_REDUZIDA
11,490,5.08,0.0,3.7,37.9,52.8,REDE_POTENCIA_REDUZIDA
11,495,5.17,0.0,3.7,37.7,53.2,REDE_POTENCIA_REDUZIDA
11,500,5.25,0.0,3.7,38.0,53.6,REDE_POTENCIA_REDUZIDA
11,505,5.33,0.0,3.7,37.7,54.1,REDE_POTENCIA_REDUZIDA
11,510,5.42,0.0,3.7,37.5,54.5,REDE_POTENCIA_REDUZIDA
11,515,5.5,0.0,3.7,37.9,55.0,REDE_POTENCIA_REDUZIDA
11,520,5.58,0.0,3.7,38.1,55.4,REDE_POTENCIA_REDUZIDA
11,525,5.67,0.0,3.7,37.8,55.8,REDE_POTENCIA_REDUZIDA
11,530,5.75,0.0,3.7,38.0,56.3,REDE_POTENCIA_REDUZIDA
11,535,5.83,0.0,3.7,38.3,56.7,REDE_POTENCIA_REDUZIDA
11,540,5.92,0.0,3.7,38.1,57.1,REDE_POTENCIA_REDUZIDA
11,545,6.0,0.0,3.7,38.3,57.6,REDE_POTENCIA_REDUZIDA
11,550,6.08,0.17,3.7,38.3,58.0,REDE_POTENCIA_REDUZIDA
11,555,6.17,0.42,3.7,38.3,58.4,REDE_POTENCIA_REDUZIDA
11,560,6.25,0.63,7.4,39.2,59.3,HIBRIDO_SOLAR_REDE
11,565,6.33,0.79,7.4,40.1,60.2,HIBRIDO_SOLAR_REDE
11,570,6.42,1.08,7.4,40.3,61.1,HIBRIDO_SOLAR_REDE
11,575,6.5,1.11,7.4,41.1,61.9,HIBRIDO_SOLAR_REDE
11,580,6.58,1.16,7.4,41.6,62.8,HIBRIDO_SOLAR_REDE
11,585,6.67,1.56,7.4,41.8,63.7,HIBRIDO_SOLAR_REDE
11,590,6.75,1.83,7.4,42.3,64.6,HIBRIDO_SOLAR_REDE
11,595,6.83,1.99,7.4,43.0,65.4,HIBRIDO_SOLAR_REDE
11,600,6.92,1.87,7.4,43.1,66.3,HIBRIDO_SOLAR_REDE
11,605,7.0,2.16,7.4,43.1,67.2,HIBRIDO_SOLAR_REDE
11,610,7.08,2.79,7.4,43.7,68.0,HIBRIDO_SOLAR_REDE
11,615,7.17,2.72,7.4,43.7,68.9,HIBRIDO_SOLAR_REDE
11,620,7.25,2.52,7.4,43.7,69.8,HIBRIDO_SOLAR_REDE
11,625,7.33,2.75,7.4,44.1,70.7,HIBRIDO_SOLAR_REDE
11,630,7.42,2.73,7.4,44.5,71.5,HIBRIDO_SOLAR_REDE
11,635,7.5,3.73,7.4,44.8,72.4,HIBRIDO_SOLAR_REDE
11,640,7.58,3.03,7.4,45.3,73.3,HIBRIDO_SOLAR_REDE
11,645,7.67,3.22,3.7,44.9,73.7,REDUCAO_TERMICA
11,650,7.75,3.72,3.7,44.4,74.2,REDUCAO_TERMICA
11,655,7.83,4.54,3.7,43.8,74.6,REDUCAO_TERMICA
11,660,7.92,3.92,3.7,43.3,75.0,REDUCAO_TERMICA
11,665,8.0,3.76,3.7,43.1,75.5,REDUCAO_TERMICA
11,670,8.08,4.94,3.7,42.7,75.9,REDUCAO_TERMICA
11,675,8.17,4.53,3.7,42.1,76.3,REDUCAO_TERMICA
11,680,8.25,5.19,3.7,41.8,76.8,REDUCAO_TERMICA
11,685,8.33,4.79,3.7,41.5,77.2,REDUCAO_TERMICA
11,690,8.42,5.2,3.7,41.4,77.6,REDUCAO_TERMICA
11,695,8.5,6.08,3.7,40.9,78.1,REDUCAO_TERMICA
11,700,8.58,5.56,7.4,41.6,79.0,HIBRIDO_SOLAR_REDE
11,705,8.67,5.49,7.4,42.0,79.8,HIBRIDO_SOLAR_REDE
11,710,8.75,6.3,7.4,42.4,80.7,HIBRIDO_SOLAR_REDE
11,715,8.83,6.35,4.44,42.1,81.2,HIBRIDO_SOLAR_REDE
11,720,8.92,6.85,4.44,41.6,81.7,HIBRIDO_SOLAR_REDE
11,725,9.0,6.64,4.44,41.5,82.3,HIBRIDO_SOLAR_REDE
11,730,9.08,6.96,4.44,41.3,82.8,HIBRIDO_SOLAR_REDE
11,735,9.17,6.12,4.44,41.3,83.3,HIBRIDO_SOLAR_REDE
11,740,9.25,6.37,4.44,41.3,83.8,HIBRIDO_SOLAR_REDE
11,745,9.33,6.37,4.44,41.2,84.4,HIBRIDO_SOLAR_REDE
11,750,9.42,6.16,4.44,41.0,84.9,HIBRIDO_SOLAR_REDE
11,755,9.5,7.55,4.44,41.1,85.4,SOLAR_TOTAL
11,760,9.58,7.23,4.44,41.0,85.9,HIBRIDO_SOLAR_REDE
11,765,9.67,6.3,4.44,40.9,86.5,HIBRIDO_SOLAR_REDE
11,770,9.75,7.68,4.44,40.7,87.0,SOLAR_TOTAL
11,775,9.83,8.17,4.44,40.7,87.5,SOLAR_TOTAL
11,780,9.92,8.33,4.44,40.8,88.0,SOLAR_TOTAL
11,785,10.0,7.08,4.44,40.8,88.6,HIBRIDO_SOLAR_REDE
11,790,10.08,6.87,4.44,40.9,89.1,HIBRIDO_SOLAR_REDE
11,795,10.17,6.98,4.44,41.1,89.6,HIBRIDO_SOLAR_REDE
11,800,10.25,8.24,4.44,41.1,90.0,SOLAR_TOTAL
12,5,13.0,8.35,7.4,29.6,11.9,SOLAR_TOTAL
12,10,13.08,8.62,7.4,31.2,13.8,SOLAR_TOTAL
12,15,13.17,9.2,7.4,32.7,15.7,SOLAR_TOTAL
12,20,13.25,8.84,7.4,33.8,17.5,SOLAR_TOTAL
12,25,13.33,8.08,7.4,34.6,19.4,SOLAR_TOTAL
12,30,13.42,8.01,7.4,35.5,21.3,SOLAR_TOTAL
12,35,13.5,8.05,7.4,36.1,23.2,SOLAR_TOTAL
12,40,13.58,7.98,7.4,36.9,25.1,SOLAR_TOTAL
12,45,13.67,8.83,7.4,38.0,27.0,SOLAR_TOTAL
12,50,13.75,8.74,7.4,38.7,28.8,SOLAR_TOTAL
12,55,13.83,7.2,7.4,39.1,30.7,HIBRIDO_SOLAR_REDE
12,60,13.92,7.33,7.4,39.4,32.6,HIBRIDO_SOLAR_REDE
12,65,14.0,8.43,7.4,40.1,34.5,SOLAR_TOTAL
12,70,14.08,8.52,7.4,40.7,36.4,SOLAR_TOTAL
12,75,14.17,7.32,7.4,41.1,38.3,HIBRIDO_SOLAR_REDE
12,80,14.25,6.71,7.4,41.8,40.2,HIBRIDO_SOLAR_REDE
12,85,14.33,6.46,7.4,42.4,42.0,HIBRIDO_SOLAR_REDE
12,90,14.42,6.19,7.4,42.7,43.9,HIBRIDO_SOLAR_REDE
12,95,14.5,7.83,7.4,43.1,45.8,SOLAR_TOTAL
12,100,14.58,7.26,7.4,43.7,47.7,HIBRIDO_SOLAR_REDE
12,105,14.67,5.96,7.4,44.2,49.6,HIBRIDO_SOLAR_REDE
12,110,14.75,6.39,7.4,44.6,51.5,HIBRIDO_SOLAR_REDE
12,115,14.83,7.36,7.4,44.6,53.4,HIBRIDO_SOLAR_REDE
12,120,14.92,6.59,7.4,44.6,55.2,HIBRIDO_SOLAR_REDE
12,125,15.0,5.86,7.4,44.9,57.1,HIBRIDO_SOLAR_REDE
12,130,15.08,5.33,7.4,44.9,59.0,HIBRIDO_SOLAR_REDE
12,135,15.17,5.74,7.4,44.9,60.9,HIBRIDO_SOLAR_REDE
12,140,15.25,5.14,7.4,45.3,62.8,HIBRIDO_SOLAR_REDE
12,145,15.33,6.01,3.7,44.4,63.7,REDUCAO_TERMICA
12,150,15.42,5.57,3.7,43.9,64.7,REDUCAO_TERMICA
12,155,15.5,5.72,3.7,43.5,65.6,REDUCAO_TERMICA
12,160,15.58,5.42,3.7,42.9,66.5,REDUCAO_TERMICA
12,165,15.67,5.0,3.7,42.6,67.5,REDUCAO_TERMICA
12,170,15.75,5.04,3.7,42.2,68.4,REDUCAO_TERMICA
12,175,15.83,4.04,3.7,42.1,69.4,REDUCAO_TERMICA
12,180,15.92,4.43,3.7,41.9,70.3,REDUCAO_TERMICA
12,185,16.0,4.24,3.7,41.5,71.3,REDUCAO_TERMICA
12,190,16.08,4.66,3.7,41.1,72.2,REDUCAO_TERMICA
12,195,16.17,3.52,3.7,40.8,73.1,REDUCAO_TERMICA
12,200,16.25,4.33,7.4,41.6,75.0,HIBRIDO_SOLAR_REDE
12,205,16.33,3.89,7.4,41.8,76.9,HIBRIDO_SOLAR_REDE
12,210,16.42,3.33,7.4,42.2,78.8,HIBRIDO_SOLAR_REDE
12,215,16.5,3.77,7.4,42.5,80.7,HIBRIDO_SOLAR_REDE
12,220,16.58,2.98,4.44,42.4,81.8,HIBRIDO_SOLAR_REDE
12,225,16.67,3.12,4.44,42.3,82.9,HIBRIDO_SOLAR_REDE
12,230,16.75,3.16,4.44,41.8,84.1,HIBRIDO_SOLAR_REDE
12,235,16.83,2.89,4.44,41.8,85.2,HIBRIDO_SOLAR_REDE
12,240,16.92,2.24,4.44,41.7,86.3,HIBRIDO_SOLAR_REDE
12,245,17.0,1.97,4.44,41.3,87.5,HIBRIDO_SOLAR_REDE
12,250,17.08,2.05,4.44,41.1,88.6,HIBRIDO_SOLAR_REDE
12,255,17.17,1.83,4.44,41.2,89.7,HIBRIDO_SOLAR_REDE
12,260,17.25,1.9,4.44,41.0,90.0,HIBRIDO_SOLAR_REDE
13,5,13.0,9.28,7.4,26.1,22.9,SOLAR_TOTAL
13,10,13.08,7.34,7.4,27.8,23.7,HIBRIDO_SOLAR_REDE
13,15,13.17,7.32,7.4,29.0,24.6,HIBRIDO_SOLAR_REDE
13,20,13.25,9.47,7.4,30.4,25.5,SOLAR_TOTAL
13,25,13.33,7.38,7.4,31.2,26.4,HIBRIDO_SOLAR_REDE
13,30,13.42,8.81,7.4,32.0,27.2,SOLAR_TOTAL
13,35,13.5,8.27,7.4,33.1,28.1,SOLAR_TOTAL
13,40,13.58,6.87,7.4,33.9,29.0,HIBRIDO_SOLAR_REDE
13,45,13.67,7.13,7.4,34.7,29.9,HIBRIDO_SOLAR_REDE
13,50,13.75,7.8,7.4,35.7,30.7,SOLAR_TOTAL
13,55,13.83,7.76,7.4,36.1,31.6,SOLAR_TOTAL
13,60,13.92,7.53,7.4,36.6,32.5,SOLAR_TOTAL
13,65,14.0,7.98,7.4,37.3,33.3,SOLAR_TOTAL
13,70,14.08,8.29,7.4,37.7,34.2,SOLAR_TOTAL
13,75,14.17,7.55,7.4,38.2,35.1,SOLAR_TOTAL
13,80,14.25,7.15,7.4,38.8,36.0,HIBRIDO_SOLAR_REDE
13,85,14.33,8.11,7.4,39.0,36.8,SOLAR_TOTAL
13,90,14.42,6.15,7.4,39.2,37.7,HIBRIDO_SOLAR_REDE
13,95,14.5,6.58,7.4,39.7,38.6,HIBRIDO_SOLAR_REDE
13,100,14.58,7.04,7.4,40.0,39.5,HIBRIDO_SOLAR_REDE
13,105,14.67,7.16,7.4,40.0,40.3,HIBRIDO_SOLAR_REDE
13,110,14.75,6.64,7.4,40.3,41.2,HIBRIDO_SOLAR_REDE
13,115,14.83,5.59,7.4,40.7,42.1,HIBRIDO_SOLAR_REDE
13,120,14.92,5.59,7.4,40.7,42.9,HIBRIDO_SOLAR_REDE
13,125,15.0,5.7,7.4,40.6,43.8,HIBRIDO_SOLAR_REDE
13,130,15.08,5.97,7.4,40.9,44.7,HIBRIDO_SOLAR_REDE
13,135,15.17,5.69,7.4,41.3,45.6,HIBRIDO_SOLAR_REDE
13,140,15.25,5.17,7.4,41.4,46.4,HIBRIDO_SOLAR_REDE
13,145,15.33,5.5,7.4,41.3,47.3,HIBRIDO_SOLAR_REDE
13,150,15.42,4.94,7.4,41.6,48.2,HIBRIDO_SOLAR_REDE
13,155,15.5,5.89,7.4,42.0,49.1,HIBRIDO_SOLAR_REDE
13,160,15.58,5.05,7.4,42.1,49.9,HIBRIDO_SOLAR_REDE
13,165,15.67,5.67,7.4,42.0,50.8,HIBRIDO_SOLAR_REDE
13,170,15.75,5.55,7.4,42.3,51.7,HIBRIDO_SOLAR_REDE
13,175,15.83,4.88,7.4,42.2,52.5,HIBRIDO_SOLAR_REDE
13,180,15.92,4.65,7.4,42.2,53.4,HIBRIDO_SOLAR_REDE
13,185,16.0,4.38,7.4,42.3,54.3,HIBRIDO_SOLAR_REDE
13,190,16.08,4.16,7.4,42.1,55.2,HIBRIDO_SOLAR_REDE
13,195,16.17,3.56,7.4,42.2,56.0,HIBRIDO_SOLAR_REDE
13,200,16.25,4.06,7.4,42.5,56.9,HIBRIDO_SOLAR_REDE
13,205,16.33,3.76,7.4,42.8,57.8,HIBRIDO_SOLAR_REDE
13,210,16.42,3.52,7.4,42.7,58.7,HIBRIDO_SOLAR_REDE
13,215,16.5,3.47,7.4,43.0,59.5,HIBRIDO_SOLAR_REDE
13,220,16.58,2.97,7.4,43.2,60.4,HIBRIDO_SOLAR_REDE
13,225,16.67,3.11,7.4,43.5,61.3,HIBRIDO_SOLAR_REDE
13,230,16.75,2.9,7.4,43.2,62.1,HIBRIDO_SOLAR_REDE
13,235,16.83,2.35,7.4,43.1,63.0,HIBRIDO_SOLAR_REDE
13,240,16.92,2.63,7.4,43.2,63.9,HIBRIDO_SOLAR_REDE
13,245,17.0,2.4,7.4,43.2,64.8,HIBRIDO_SOLAR_REDE
13,250,17.08,2.01,7.4,43.3,65.6,HIBRIDO_SOLAR_REDE
13,255,17.17,1.66,7.4,43.5,66.5,HIBRIDO_SOLAR_REDE
13,260,17.25,1.58,7.4,43.5,67.4,HIBRIDO_SOLAR_REDE
13,265,17.33,1.42,7.4,43.4,68.3,HIBRIDO_SOLAR_REDE
13,270,17.42,1.16,7.4,43.2,69.1,HIBRIDO_SOLAR_REDE
13,275,17.5,1.06,7.4,42.9,70.0,HIBRIDO_SOLAR_REDE
13,280,17.58,0.88,7.4,42.8,70.9,HIBRIDO_SOLAR_REDE
13,285,17.67,0.7,7.4,42.6,71.8,HIBRIDO_SOLAR_REDE
13,290,17.75,0.51,7.4,42.6,72.6,HIBRIDO_SOLAR_REDE
13,295,17.83,0.39,3.7,41.7,73.1,REDE_POTENCIA_REDUZIDA
13,300,17.92,0.21,3.7,41.1,73.5,REDE_POTENCIA_REDUZIDA
13,305,18.0,0.0,3.7,40.6,73.9,REDE_POTENCIA_REDUZIDA
13,310,18.08,0.0,3.7,39.9,74.4,REDE_POTENCIA_REDUZIDA
13,315,18.17,0.0,3.7,39.2,74.8,REDE_POTENCIA_REDUZIDA
13,320,18.25,0.0,3.7,38.5,75.2,REDE_POTENCIA_REDUZIDA
13,325,18.33,0.0,3.7,38.0,75.7,REDE_POTENCIA_REDUZIDA
13,330,18.42,0.0,3.7,37.7,76.1,REDE_POTENCIA_REDUZIDA
13,335,18.5,0.0,3.7,37.4,76.6,REDE_POTENCIA_REDUZIDA
13,340,18.58,0.0,3.7,37.4,77.0,REDE_POTENCIA_REDUZIDA
13,345,18.67,0.0,3.7,36.8,77.4,REDE_POTENCIA_REDUZIDA
13,350,18.75,0.0,3.7,36.8,77.9,REDE_POTENCIA_REDUZIDA
13,355,18.83,0.0,3.7,36.8,78.3,REDE_POTENCIA_REDUZIDA
13,360,18.92,0.0,3.7,36.5,78.7,REDE_POTENCIA_REDUZIDA
13,365,19.0,0.0,3.7,36.5,79.2,REDE_POTENCIA_REDUZIDA
13,370,19.08,0.0,3.7,36.4,79.6,REDE_POTENCIA_REDUZIDA
13,375,19.17,0.0,3.7,36.0,80.0,REDE_POTENCIA_REDUZIDA
13,380,19.25,0.0,2.22,35.6,80.3,REDE_POTENCIA_REDUZIDA
13,385,19.33,0.0,2.22,35.4,80.6,REDE_POTENCIA_REDUZIDA
13,390,19.42,0.0,2.22,35.0,80.8,REDE_POTENCIA_REDUZIDA
13,395,19.5,0.0,2.22,34.7,81.1,REDE_POTENCIA_REDUZIDA
13,400,19.58,0.0,2.22,34.6,81.4,REDE_POTENCIA_REDUZIDA
13,405,19.67,0.0,2.22,34.5,81.6,REDE_POTENCIA_REDUZIDA
13,410,19.75,0.0,2.22,34.1,81.9,REDE_POTENCIA_REDUZIDA
13,415,19.83,0.0,2.22,33.9,82.1,REDE_POTENCIA_REDUZIDA
13,420,19.92,0.0,2.22,33.5,82.4,REDE_POTENCIA_REDUZIDA
13,425,20.0,0.0,2.22,33.3,82.7,REDE_POTENCIA_REDUZIDA
13,430,20.08,0.0,2.22,32.9,82.9,REDE_POTENCIA_REDUZIDA
13,435,20.17,0.0,2.22,32.9,83.2,REDE_POTENCIA_REDUZIDA
13,440,20.25,0.0,2.22,32.8,83.4,REDE_POTENCIA_REDUZIDA
13,445,20.33,0.0,2.22,32.4,83.7,REDE_POTENCIA_REDUZIDA
13,450,20.42,0.0,2.22,32.2,84.0,REDE_POTENCIA_REDUZIDA
13,455,20.5,0.0,2.22,32.3,84.2,REDE_POTENCIA_REDUZIDA
13,460,20.58,0.0,2.22,32.2,84.5,REDE_POTENCIA_REDUZIDA
13,465,20.67,0.0,2.22,32.2,84.8,REDE_POTENCIA_REDUZIDA
13,470,20.75,0.0,2.22,31.9,85.0,REDE_POTENCIA_REDUZIDA
13,475,20.83,0.0,2.22,31.8,85.3,REDE_POTENCIA_REDUZIDA
13,480,20.92,0.0,2.22,31.4,85.5,REDE_POTENCIA_REDUZIDA
13,485,21.0,0.0,2.22,31.2,85.8,REDE_POTENCIA_REDUZIDA
13,490,21.08,0.0,2.22,30.9,86.1,REDE_POTENCIA_REDUZIDA
13,495,21.17,0.0,2.22,30.7,86.3,REDE_POTENCIA_REDUZIDA
13,500,21.25,0.0,2.22,30.8,86.6,REDE_POTENCIA_REDUZIDA
13,505,21.33,0.0,2.22,30.9,86.9,REDE_POTENCIA_REDUZIDA
13,510,21.42,0.0,2.22,30.7,87.1,REDE_POTENCIA_REDUZIDA
13,515,21.5,0.0,2.22,30.9,87.4,REDE_POTENCIA_REDUZIDA
13,520,21.58,0.0,2.22,31.1,87.6,REDE_POTENCIA_REDUZIDA
13,525,21.67,0.0,2.22,30.9,87.9,REDE_POTENCIA_REDUZIDA
13,530,21.75,0.0,2.22,31.0,88.2,REDE_POTENCIA_REDUZIDA
13,535,21.83,0.0,2.22,30.8,88.4,REDE_POTENCIA_REDUZIDA
13,540,21.92,0.0,2.22,30.5,88.7,REDE_POTENCIA_REDUZIDA
13,545,22.0,0.0,2.22,30.4,88.9,REDE_POTENCIA_REDUZIDA
13,550,22.08,0.0,2.22,30.4,89.2,REDE_POTENCIA_REDUZIDA
13,555,22.17,0.0,2.22,30.3,89.5,REDE_POTENCIA_REDUZIDA
13,560,22.25,0.0,2.22,30.5,89.7,REDE_POTENCIA_REDUZIDA
13,565,22.33,0.0,2.22,30.4,90.0,REDE_POTENCIA_REDUZIDA
13,570,22.42,0.0,2.22,30.4,90.0,REDE_POTENCIA_REDUZIDA
14,5,13.0,8.42,7.4,35.2,24.9,SOLAR_TOTAL
14,10,13.08,7.38,7.4,36.5,26.8,HIBRIDO_SOLAR_REDE
14,15,13.17,8.16,7.4,37.7,28.7,SOLAR_TOTAL
14,20,13.25,9.4,7.4,38.7,30.5,SOLAR_TOTAL
14,25,13.33,8.02,7.4,39.7,32.4,SOLAR_TOTAL
14,30,13.42,8.63,7.4,40.5,34.3,SOLAR_TOTAL
14,35,13.5,8.74,7.4,41.6,36.2,SOLAR_TOTAL
14,40,13.58,8.04,7.4,42.6,38.1,SOLAR_TOTAL
14,45,13.67,7.43,7.4,43.0,40.0,SOLAR_TOTAL
14,50,13.75,7.02,7.4,43.6,41.8,HIBRIDO_SOLAR_REDE
14,55,13.83,7.51,7.4,44.1,43.7,SOLAR_TOTAL
14,60,13.92,7.24,7.4,44.7,45.6,HIBRIDO_SOLAR_REDE
14,65,14.0,7.71,7.4,45.5,47.5,SOLAR_TOTAL
14,70,14.08,7.6,3.7,45.6,48.4,REDUCAO_TERMICA
14,75,14.17,7.38,3.7,45.4,49.4,REDUCAO_TERMICA
14,80,14.25,6.83,3.7,45.1,50.3,REDUCAO_TERMICA
14,85,14.33,6.81,3.7,44.7,51.3,REDUCAO_TERMICA
14,90,14.42,7.97,3.7,44.3,52.2,REDUCAO_TERMICA
14,95,14.5,7.78,3.7,44.2,53.2,REDUCAO_TERMICA
14,100,14.58,7.76,3.7,44.2,54.1,REDUCAO_TERMICA
14,105,14.67,5.83,3.7,44.2,55.0,REDUCAO_TERMICA
14,110,14.75,6.99,3.7,44.3,56.0,REDUCAO_TERMICA
14,115,14.83,7.28,3.7,44.4,56.9,REDUCAO_TERMICA
14,120,14.92,6.29,3.7,44.0,57.9,REDUCAO_TERMICA
14,125,15.0,6.48,3.7,43.7,58.8,REDUCAO_TERMICA
14,130,15.08,6.24,3.7,43.4,59.8,REDUCAO_TERMICA
14,135,15.17,5.5,3.7,43.5,60.7,REDUCAO_TERMICA
14,140,15.25,6.54,3.7,43.2,61.6,REDUCAO_TERMICA
14,145,15.33,4.98,3.7,43.3,62.6,REDUCAO_TERMICA
14,150,15.42,4.84,3.7,43.4,63.5,REDUCAO_TERMICA
14,155,15.5,5.63,3.7,43.3,64.5,REDUCAO_TERMICA
14,160,15.58,4.89,3.7,43.3,65.4,REDUCAO_TERMICA
14,165,15.67,5.16,3.7,43.6,66.4,REDUCAO_TERMICA
14,170,15.75,4.5,3.7,43.5,67.3,REDUCAO_TERMICA
14,175,15.83,4.07,3.7,43.6,68.2,REDUCAO_TERMICA
14,180,15.92,4.56,3.7,43.3,69.2,REDUCAO_TERMICA
14,185,16.0,4.31,3.7,43.3,70.1,REDUCAO_TERMICA
14,190,16.08,4.02,3.7,43.3,71.1,REDUCAO_TERMICA
14,195,16.17,4.25,3.7,43.5,72.0,REDUCAO_TERMICA
14,200,16.25,3.73,3.7,43.2,72.9,REDUCAO_TERMICA
14,205,16.33,3.58,3.7,43.3,73.9,REDUCAO_TERMICA
14,210,16.42,3.51,3.7,43.2,74.8,REDUCAO_TERMICA
14,215,16.5,3.26,3.7,43.3,75.8,REDUCAO_TERMICA
14,220,16.58,3.35,3.7,43.4,76.7,REDUCAO_TERMICA
14,225,16.67,2.81,3.7,43.2,77.7,REDUCAO_TERMICA
14,230,16.75,2.46,3.7,42.9,78.6,REDUCAO_TERMICA
14,235,16.83,2.91,3.7,42.9,79.5,REDUCAO_TERMICA
14,240,16.92,2.65,3.7,42.8,80.5,REDUCAO_TERMICA
14,245,17.0,2.33,2.22,42.5,81.1,REDUCAO_TERMICA
14,250,17.08,1.95,2.22,42.5,81.6,REDUCAO_TERMICA
14,255,17.17,1.64,2.22,42.2,82.2,REDUCAO_TERMICA
14,260,17.25,1.67,2.22,41.7,82.7,REDUCAO_TERMICA
14,265,17.33,1.54,2.22,41.5,83.3,REDUCAO_TERMICA
14,270,17.42,1.28,2.22,41.4,83.9,REDUCAO_TERMICA
14,275,17.5,1.24,2.22,41.5,84.4,REDUCAO_TERMICA
14,280,17.58,1.08,2.22,41.5,85.0,REDUCAO_TERMICA
14,285,17.67,0.73,2.22,41.2,85.6,REDUCAO_TERMICA
14,290,17.75,0.6,2.22,41.1,86.1,REDUCAO_TERMICA
14,295,17.83,0.34,1.11,40.9,86.4,REDUCAO_TERMICA
14,300,17.92,0.19,2.22,41.0,87.0,REDE_POTENCIA_REDUZIDA
14,305,18.0,0.0,2.22,40.6,87.6,REDE_POTENCIA_REDUZIDA
14,310,18.08,0.0,2.22,40.3,88.1,REDE_POTENCIA_REDUZIDA
14,315,18.17,0.0,2.22,40.0,88.7,REDE_POTENCIA_REDUZIDA
14,320,18.25,0.0,2.22,39.7,89.3,REDE_POTENCIA_REDUZIDA
14,325,18.33,0.0,2.22,39.8,89.8,REDE_POTENCIA_REDUZIDA
14,330,18.42,0.0,2.22,39.6,90.0,REDE_POTENCIA_REDUZIDA
15,5,14.0,6.66,7.4,31.8,9.9,HIBRIDO_SOLAR_REDE
15,10,14.08,7.47,7.4,33.3,11.8,SOLAR_TOTAL
15,15,14.17,7.58,7.4,34.6,13.6,SOLAR_TOTAL
15,20,14.25,6.96,7.4,35.5,15.5,HIBRIDO_SOLAR_REDE
15,25,14.33,7.35,7.4,36.4,17.4,HIBRIDO_SOLAR_REDE
15,30,14.42,7.5,7.4,37.1,19.3,SOLAR_TOTAL
15,35,14.5,7.77,7.4,38.1,21.2,SOLAR_TOTAL
15,40,14.58,5.97,7.4,39.2,23.0,HIBRIDO_SOLAR_REDE
15,45,14.67,7.34,7.4,40.2,24.9,HIBRIDO_SOLAR_REDE
15,50,14.75,6.29,7.4,41.2,26.8,HIBRIDO_SOLAR_REDE
15,55,14.83,7.05,7.4,41.5,28.7,HIBRIDO_SOLAR_REDE
15,60,14.92,6.33,7.4,42.1,30.5,HIBRIDO_SOLAR_REDE
15,65,15.0,6.55,7.4,42.9,32.4,HIBRIDO_SOLAR_REDE
15,70,15.08,6.5,7.4,43.2,34.3,HIBRIDO_SOLAR_REDE
15,75,15.17,5.75,7.4,43.4,36.2,HIBRIDO_SOLAR_REDE
15,80,15.25,5.26,7.4,43.7,38.1,HIBRIDO_SOLAR_REDE
15,85,15.33,6.38,7.4,44.0,39.9,HIBRIDO_SOLAR_REDE
15,90,15.42,4.75,7.4,44.2,41.8,HIBRIDO_SOLAR_REDE
15,95,15.5,5.04,7.4,44.5,43.7,HIBRIDO_SOLAR_REDE
15,100,15.58,5.06,7.4,45.0,45.6,HIBRIDO_SOLAR_REDE
15,105,15.67,5.52,3.7,44.3,46.5,REDUCAO_TERMICA
15,110,15.75,4.6,3.7,43.7,47.5,REDUCAO_TERMICA
15,115,15.83,4.63,3.7,43.3,48.4,REDUCAO_TERMICA
15,120,15.92,4.51,3.7,43.1,49.3,REDUCAO_TERMICA
15,125,16.0,4.66,3.7,42.5,50.3,REDUCAO_TERMICA
15,130,16.08,4.53,3.7,42.1,51.2,REDUCAO_TERMICA
15,135,16.17,3.59,3.7,42.1,52.1,REDUCAO_TERMICA
15,140,16.25,3.41,3.7,42.0,53.1,REDUCAO_TERMICA
15,145,16.33,3.47,3.7,42.0,54.0,REDUCAO_TERMICA
15,150,16.42,3.05,3.7,42.0,55.0,REDUCAO_TERMICA
15,155,16.5,3.79,3.7,42.1,55.9,REDUCAO_TERMICA
15,160,16.58,3.58,3.7,41.7,56.8,REDUCAO_TERMICA
15,165,16.67,3.16,3.7,41.6,57.8,REDUCAO_TERMICA
15,170,16.75,2.88,3.7,41.5,58.7,REDUCAO_TERMICA
15,175,16.83,2.71,3.7,41.3,59.7,REDUCAO_TERMICA
15,180,16.92,2.16,3.7,40.8,60.6,REDUCAO_TERMICA
15,185,17.0,2.5,7.4,41.4,62.5,HIBRIDO_SOLAR_REDE
15,190,17.08,2.23,7.4,41.9,64.4,HIBRIDO_SOLAR_REDE
15,195,17.17,1.97,7.4,42.6,66.2,HIBRIDO_SOLAR_REDE
15,200,17.25,1.92,7.4,43.0,68.1,HIBRIDO_SOLAR_REDE
15,205,17.33,1.39,7.4,43.5,70.0,HIBRIDO_SOLAR_REDE
15,210,17.42,1.27,7.4,44.1,71.9,HIBRIDO_SOLAR_REDE
15,215,17.5,1.16,7.4,44.7,73.8,HIBRIDO_SOLAR_REDE
15,220,17.58,0.96,7.4,45.3,75.6,HIBRIDO_SOLAR_REDE
15,225,17.67,0.78,3.7,44.7,76.6,REDUCAO_TERMICA
15,230,17.75,0.65,3.7,44.2,77.5,REDUCAO_TERMICA
15,235,17.83,0.42,1.85,43.7,78.0,REDUCAO_TERMICA
15,240,17.92,0.17,1.85,43.0,78.4,REDUCAO_TERMICA
15,245,18.0,0.0,1.85,42.6,78.9,REDUCAO_TERMICA
15,250,18.08,0.0,1.85,42.2,79.4,REDUCAO_TERMICA
15,255,18.17,0.0,1.85,41.9,79.9,REDUCAO_TERMICA
15,260,18.25,0.0,1.85,41.3,80.3,REDUCAO_TERMICA
15,265,18.33,0.0,1.11,40.5,80.6,REDUCAO_TERMICA
15,270,18.42,0.0,2.22,40.3,81.2,REDE_POTENCIA_REDUZIDA
15,275,18.5,0.0,2.22,40.2,81.7,REDE_POTENCIA_REDUZIDA
15,280,18.58,0.0,2.22,39.9,82.3,REDE_POTENCIA_REDUZIDA
15,285,18.67,0.0,2.22,39.6,82.9,REDE_POTENCIA_REDUZIDA
15,290,18.75,0.0,2.22,39.3,83.4,REDE_POTENCIA_REDUZIDA
15,295,18.83,0.0,2.22,39.2,84.0,REDE_POTENCIA_REDUZIDA
15,300,18.92,0.0,2.22,38.9,84.6,REDE_POTENCIA_REDUZIDA
15,305,19.0,0.0,2.22,38.9,85.1,REDE_POTENCIA_REDUZIDA
15,310,19.08,0.0,2.22,38.5,85.7,REDE_POTENCIA_REDUZIDA
15,315,19.17,0.0,2.22,38.6,86.2,REDE_POTENCIA_REDUZIDA
15,320,19.25,0.0,2.22,38.3,86.8,REDE_POTENCIA_REDUZIDA
15,325,19.33,0.0,2.22,37.9,87.4,REDE_POTENCIA_REDUZIDA
15,330,19.42,0.0,2.22,37.5,87.9,REDE_POTENCIA_REDUZIDA
15,335,19.5,0.0,2.22,37.3,88.5,REDE_POTENCIA_REDUZIDA
15,340,19.58,0.0,2.22,37.4,89.1,REDE_POTENCIA_REDUZIDA
15,345,19.67,0.0,2.22,37.4,89.6,REDE_POTENCIA_REDUZIDA
15,350,19.75,0.0,2.22,37.4,90.0,REDE_POTENCIA_REDUZIDA
16,5,15.0,5.62,7.4,36.0,11.9,HIBRIDO_SOLAR_REDE
16,10,15.08,6.28,7.4,37.1,13.8,HIBRIDO_SOLAR_REDE
16,15,15.17,5.59,7.4,38.3,15.7,HIBRIDO_SOLAR_REDE
16,20,15.25,5.53,7.4,39.4,17.5,HIBRIDO_SOLAR_REDE
16,25,15.33,5.53,7.4,40.3,19.4,HIBRIDO_SOLAR_REDE
16,30,15.42,4.97,7.4,41.4,21.3,HIBRIDO_SOLAR_REDE
16,35,15.5,5.71,7.4,42.3,23.2,HIBRIDO_SOLAR_REDE
16,40,15.58,4.67,7.4,43.3,25.1,HIBRIDO_SOLAR_REDE
16,45,15.67,5.61,7.4,44.2,27.0,HIBRIDO_SOLAR_REDE
16,50,15.75,4.62,7.4,45.0,28.8,HIBRIDO_SOLAR_REDE
16,55,15.83,4.96,7.4,45.7,30.7,HIBRIDO_SOLAR_REDE
16,60,15.92,5.05,3.7,45.9,31.7,REDUCAO_TERMICA
16,65,16.0,4.69,3.7,45.9,32.6,REDUCAO_TERMICA
16,70,16.08,4.4,3.7,45.4,33.6,REDUCAO_TERMICA
16,75,16.17,3.49,3.7,45.6,34.5,REDUCAO_TERMICA
16,80,16.25,3.63,3.7,45.7,35.4,REDUCAO_TERMICA
16,85,16.33,3.49,3.7,45.6,36.4,REDUCAO_TERMICA
16,90,16.42,4.0,3.7,45.6,37.3,REDUCAO_TERMICA
16,95,16.5,3.65,3.7,45.6,38.3,REDUCAO_TERMICA
16,100,16.58,3.51,3.7,45.5,39.2,REDUCAO_TERMICA
16,105,16.67,2.6,3.7,45.7,40.2,REDUCAO_TERMICA
16,110,16.75,3.21,3.7,45.5,41.1,REDUCAO_TERMICA
16,115,16.83,2.68,3.7,45.3,42.0,REDUCAO_TERMICA
16,120,16.92,2.57,3.7,45.3,43.0,REDUCAO_TERMICA
16,125,17.0,2.49,3.7,45.2,43.9,REDUCAO_TERMICA
16,130,17.08,2.23,3.7,45.3,44.9,REDUCAO_TERMICA
16,135,17.17,1.71,3.7,45.4,45.8,REDUCAO_TERMICA
16,140,17.25,1.67,3.7,45.0,46.8,REDUCAO_TERMICA
16,145,17.33,1.59,3.7,44.8,47.7,REDUCAO_TERMICA
16,150,17.42,1.45,3.7,44.7,48.6,REDUCAO_TERMICA
16,155,17.5,1.01,3.7,44.9,49.6,REDUCAO_TERMICA
16,160,17.58,0.98,3.7,44.5,50.5,REDUCAO_TERMICA
16,165,17.67,0.81,3.7,44.5,51.5,REDUCAO_TERMICA
16,170,17.75,0.64,3.7,44.6,52.4,REDUCAO_TERMICA
16,175,17.83,0.36,1.85,44.0,52.9,REDUCAO_TERMICA
16,180,17.92,0.18,1.85,43.7,53.4,REDUCAO_TERMICA
16,185,18.0,0.0,1.85,43.4,53.8,REDUCAO_TERMICA
16,190,18.08,0.0,1.85,43.1,54.3,REDUCAO_TERMICA
16,195,18.17,0.0,1.85,42.5,54.8,REDUCAO_TERMICA
16,200,18.25,0.0,1.85,42.0,55.2,REDUCAO_TERMICA
16,205,18.33,0.0,1.85,41.7,55.7,REDUCAO_TERMICA
16,210,18.42,0.0,1.85,41.6,56.2,REDUCAO_TERMICA
16,215,18.5,0.0,1.85,41.1,56.6,REDUCAO_TERMICA
16,220,18.58,0.0,1.85,40.9,57.1,REDUCAO_TERMICA
16,225,18.67,0.0,3.7,40.9,58.1,REDE_POTENCIA_REDUZIDA
16,230,18.75,0.0,3.7,41.1,59.0,REDE_POTENCIA_REDUZIDA
16,235,18.83,0.0,3.7,41.5,59.9,REDE_POTENCIA_REDUZIDA
16,240,18.92,0.0,3.7,41.6,60.9,REDE_POTENCIA_REDUZIDA
16,245,19.0,0.0,3.7,42.1,61.8,REDE_POTENCIA_REDUZIDA
16,250,19.08,0.0,3.7,42.3,62.8,REDE_POTENCIA_REDUZIDA
16,255,19.17,0.0,3.7,42.2,63.7,REDE_POTENCIA_REDUZIDA
16,260,19.25,0.0,3.7,42.2,64.7,REDE_POTENCIA_REDUZIDA
16,265,19.33,0.0,3.7,42.3,65.6,REDE_POTENCIA_REDUZIDA
16,270,19.42,0.0,3.7,42.4,66.5,REDE_POTENCIA_REDUZIDA
16,275,19.5,0.0,3.7,42.5,67.5,REDE_POTENCIA_REDUZIDA
16,280,19.58,0.0,3.7,42.4,68.4,REDE_POTENCIA_REDUZIDA
16,285,19.67,0.0,3.7,42.3,69.4,REDE_POTENCIA_REDUZIDA
16,290,19.75,0.0,3.7,42.4,70.3,REDE_POTENCIA_REDUZIDA
16,295,19.83,0.0,3.7,42.6,71.3,REDE_POTENCIA_REDUZIDA
16,300,19.92,0.0,3.7,42.9,72.2,REDE_POTENCIA_REDUZIDA
16,305,20.0,0.0,3.7,43.0,73.1,REDE_POTENCIA_REDUZIDA
16,310,20.08,0.0,3.7,43.3,74.1,REDE_POTENCIA_REDUZIDA
16,315,20.17,0.0,3.7,43.5,75.0,REDE_POTENCIA_REDUZIDA
16,320,20.25,0.0,3.7,43.4,76.0,REDE_POTENCIA_REDUZIDA
16,325,20.33,0.0,3.7,43.5,76.9,REDE_POTENCIA_REDUZIDA
16,330,20.42,0.0,3.7,43.7,77.9,REDE_POTENCIA_REDUZIDA
16,335,20.5,0.0,3.7,43.5,78.8,REDE_POTENCIA_REDUZIDA
16,340,20.58,0.0,3.7,43.6,79.7,REDE_POTENCIA_REDUZIDA
16,345,20.67,0.0,3.7,43.4,80.7,REDE_POTENCIA_REDUZIDA
16,350,20.75,0.0,2.22,42.9,81.2,REDE_POTENCIA_REDUZIDA
16,355,20.83,0.0,2.22,42.9,81.8,REDE_POTENCIA_REDUZIDA
16,360,20.92,0.0,2.22,42.9,82.4,REDE_POTENCIA_REDUZIDA
16,365,21.0,0.0,2.22,43.0,82.9,REDE_POTENCIA_REDUZIDA
16,370,21.08,0.0,2.22,43.0,83.5,REDE_POTENCIA_REDUZIDA
16,375,21.17,0.0,2.22,42.9,84.1,REDE_POTENCIA_REDUZIDA
16,380,21.25,0.0,2.22,42.6,84.6,REDE_POTENCIA_REDUZIDA
16,385,21.33,0.0,2.22,42.3,85.2,REDE_POTENCIA_REDUZIDA
16,390,21.42,0.0,2.22,42.0,85.8,REDE_POTENCIA_REDUZIDA
16,395,21.5,0.0,2.22,41.8,86.3,REDE_POTENCIA_REDUZIDA
16,400,21.58,0.0,2.22,41.4,86.9,REDE_POTENCIA_REDUZIDA
16,405,21.67,0.0,2.22,41.2,87.5,REDE_POTENCIA_REDUZIDA
16,410,21.75,0.0,2.22,41.0,88.0,REDE_POTENCIA_REDUZIDA
16,415,21.83,0.0,2.22,41.2,88.6,REDE_POTENCIA_REDUZIDA
16,420,21.92,0.0,2.22,41.1,89.2,REDE_POTENCIA_REDUZIDA
16,425,22.0,0.0,2.22,40.7,89.7,REDE_POTENCIA_REDUZIDA
16,430,22.08,0.0,2.22,40.6,90.0,REDE_POTENCIA_REDUZIDA
17,5,13.0,7.48,7.4,33.4,32.9,SOLAR_TOTAL
17,10,13.08,7.45,7.4,34.6,34.8,SOLAR_TOTAL
17,15,13.17,9.45,7.4,35.7,36.7,SOLAR_TOTAL
17,20,13.25,8.72,7.4,37.0,38.5,SOLAR_TOTAL
17,25,13.33,8.01,7.4,38.1,40.4,SOLAR_TOTAL
17,30,13.42,7.21,7.4,39.0,42.3,HIBRIDO_SOLAR_REDE
17,35,13.5,7.69,7.4,40.0,44.2,SOLAR_TOTAL
17,40,13.58,7.62,7.4,40.5,46.1,SOLAR_TOTAL
17,45,13.67,7.15,7.4,41.1,48.0,HIBRIDO_SOLAR_REDE
17,50,13.75,8.22,7.4,41.9,49.8,SOLAR_TOTAL
17,55,13.83,7.24,7.4,42.9,51.7,HIBRIDO_SOLAR_REDE
17,60,13.92,6.76,7.4,43.7,53.6,HIBRIDO_SOLAR_REDE
17,65,14.0,8.38,7.4,44.0,55.5,SOLAR_TOTAL
17,70,14.08,7.46,7.4,44.5,57.4,SOLAR_TOTAL
17,75,14.17,8.1,7.4,45.1,59.3,SOLAR_TOTAL
17,80,14.25,6.78,3.7,44.5,60.2,REDUCAO_TERMICA
17,85,14.33,7.88,3.7,44.2,61.2,REDUCAO_TERMICA
17,90,14.42,6.3,3.7,43.9,62.1,REDUCAO_TERMICA
17,95,14.5,7.44,3.7,43.7,63.0,REDUCAO_TERMICA
17,100,14.58,7.76,3.7,43.7,64.0,REDUCAO_TERMICA
17,105,14.67,7.23,3.7,43.5,64.9,REDUCAO_TERMICA
17,110,14.75,5.77,3.7,43.4,65.9,REDUCAO_TERMICA
17,115,14.83,7.17,3.7,43.0,66.8,REDUCAO_TERMICA
17,120,14.92,6.36,3.7,42.9,67.8,REDUCAO_TERMICA
17,125,15.0,5.97,3.7,42.6,68.7,REDUCAO_TERMICA
17,130,15.08,5.88,3.7,42.2,69.6,REDUCAO_TERMICA
17,135,15.17,5.69,3.7,42.1,70.6,REDUCAO_TERMICA
17,140,15.25,6.49,3.7,42.0,71.5,REDUCAO_TERMICA
17,145,15.33,4.93,3.7,41.9,72.5,REDUCAO_TERMICA
17,150,15.42,5.23,3.7,42.0,73.4,REDUCAO_TERMICA
17,155,15.5,4.68,3.7,41.9,74.4,REDUCAO_TERMICA
17,160,15.58,5.48,3.7,42.1,75.3,REDUCAO_TERMICA
17,165,15.67,4.48,3.7,41.8,76.2,REDUCAO_TERMICA
17,170,15.75,4.68,3.7,41.8,77.2,REDUCAO_TERMICA
17,175,15.83,4.18,3.7,41.8,78.1,REDUCAO_TERMICA
17,180,15.92,4.93,3.7,42.0,79.1,REDUCAO_TERMICA
17,185,16.0,4.19,3.7,42.2,80.0,REDUCAO_TERMICA
17,190,16.08,4.79,2.22,42.0,80.6,REDUCAO_TERMICA
17,195,16.17,4.28,2.22,41.4,81.1,REDUCAO_TERMICA
17,200,16.25,3.6,2.22,40.9,81.7,REDUCAO_TERMICA
17,205,16.33,3.49,4.44,41.3,82.8,HIBRIDO_SOLAR_REDE
17,210,16.42,3.14,4.44,41.3,84.0,HIBRIDO_SOLAR_REDE
17,215,16.5,3.43,4.44,41.7,85.1,HIBRIDO_SOLAR_REDE
17,220,16.58,2.95,4.44,41.9,86.2,HIBRIDO_SOLAR_REDE
17,225,16.67,3.13,4.44,41.9,87.4,HIBRIDO_SOLAR_REDE
17,230,16.75,2.72,4.44,42.1,88.5,HIBRIDO_SOLAR_REDE
17,235,16.83,2.57,4.44,42.2,89.6,HIBRIDO_SOLAR_REDE
17,240,16.92,2.71,4.44,42.0,90.7,HIBRIDO_SOLAR_REDE
17,245,17.0,2.34,4.44,42.0,91.9,HIBRIDO_SOLAR_REDE
17,250,17.08,2.21,4.44,42.3,93.0,HIBRIDO_SOLAR_REDE
17,255,17.17,1.93,4.44,42.4,94.1,HIBRIDO_SOLAR_REDE
17,260,17.25,1.89,4.44,42.7,95.3,HIBRIDO_SOLAR_REDE
17,265,17.33,1.47,4.44,42.6,96.4,HIBRIDO_SOLAR_REDE
17,270,17.42,1.38,4.44,42.5,97.5,HIBRIDO_SOLAR_REDE
17,275,17.5,1.02,4.44,42.2,98.7,HIBRIDO_SOLAR_REDE
17,280,17.58,0.96,4.44,42.4,99.8,HIBRIDO_SOLAR_REDE
17,285,17.67,0.81,4.44,42.3,100.0,HIBRIDO_SOLAR_REDE
18,5,14.0,8.25,7.4,28.0,26.9,SOLAR_TOTAL
18,10,14.08,7.63,7.4,29.2,28.8,SOLAR_TOTAL
18,15,14.17,8.06,7.4,30.2,30.7,SOLAR_TOTAL
18,20,14.25,6.26,7.4,31.1,32.5,HIBRIDO_SOLAR_REDE
18,25,14.33,7.29,7.4,32.4,34.4,HIBRIDO_SOLAR_REDE
18,30,14.42,7.39,7.4,33.4,36.3,HIBRIDO_SOLAR_REDE
18,35,14.5,6.99,7.4,34.5,38.2,HIBRIDO_SOLAR_REDE
18,40,14.58,6.44,7.4,35.5,40.1,HIBRIDO_SOLAR_REDE
18,45,14.67,6.14,7.4,36.3,42.0,HIBRIDO_SOLAR_REDE
18,50,14.75,5.81,7.4,37.1,43.8,HIBRIDO_SOLAR_REDE
18,55,14.83,6.48,7.4,37.5,45.7,HIBRIDO_SOLAR_REDE
18,60,14.92,6.95,7.4,38.3,47.6,HIBRIDO_SOLAR_REDE
18,65,15.0,6.45,7.4,39.1,49.5,HIBRIDO_SOLAR_REDE
18,70,15.08,6.37,7.4,39.5,51.4,HIBRIDO_SOLAR_REDE
18,75,15.17,5.32,7.4,40.0,53.3,HIBRIDO_SOLAR_REDE
18,80,15.25,6.45,7.4,40.2,55.2,HIBRIDO_SOLAR_REDE
18,85,15.33,4.95,7.4,40.3,57.0,HIBRIDO_SOLAR_REDE
18,90,15.42,5.22,7.4,40.4,58.9,HIBRIDO_SOLAR_REDE
18,95,15.5,4.83,7.4,40.9,60.8,HIBRIDO_SOLAR_REDE
18,100,15.58,5.47,7.4,41.0,62.7,HIBRIDO_SOLAR_REDE
18,105,15.67,4.52,7.4,41.3,64.6,HIBRIDO_SOLAR_REDE
18,110,15.75,4.25,7.4,41.9,66.5,HIBRIDO_SOLAR_REDE
18,115,15.83,4.96,7.4,41.8,68.4,HIBRIDO_SOLAR_REDE
18,120,15.92,5.09,7.4,42.3,70.2,HIBRIDO_SOLAR_REDE
18,125,16.0,4.93,7.4,42.7,72.1,HIBRIDO_SOLAR_REDE
18,130,16.08,4.24,7.4,42.9,74.0,HIBRIDO_SOLAR_REDE
18,135,16.17,4.37,7.4,43.2,75.9,HIBRIDO_SOLAR_REDE
18,140,16.25,4.33,7.4,43.2,77.8,HIBRIDO_SOLAR_REDE
18,145,16.33,3.65,7.4,43.2,79.7,HIBRIDO_SOLAR_REDE
18,150,16.42,3.45,7.4,43.2,81.5,HIBRIDO_SOLAR_REDE
18,155,16.5,3.46,4.44,43.0,82.7,HIBRIDO_SOLAR_REDE
18,160,16.58,3.18,4.44,42.3,83.8,HIBRIDO_SOLAR_REDE
18,165,16.67,2.87,4.44,42.1,84.9,HIBRIDO_SOLAR_REDE
18,170,16.75,2.47,4.44,41.8,86.1,HIBRIDO_SOLAR_REDE
18,175,16.83,2.63,4.44,41.7,87.2,HIBRIDO_SOLAR_REDE
18,180,16.92,2.44,4.44,41.6,88.3,HIBRIDO_SOLAR_REDE
18,185,17.0,2.21,4.44,41.3,89.5,HIBRIDO_SOLAR_REDE
18,190,17.08,2.0,4.44,40.8,90.0,HIBRIDO_SOLAR_REDE
19,5,3.0,0.0,3.7,35.4,33.4,REDE_POTENCIA_REDUZIDA
19,10,3.08,0.0,3.7,35.9,33.9,REDE_POTENCIA_REDUZIDA
19,15,3.17,0.0,3.7,36.5,34.3,REDE_POTENCIA_REDUZIDA
19,20,3.25,0.0,3.7,36.9,34.7,REDE_POTENCIA_REDUZIDA
19,25,3.33,0.0,3.7,37.4,35.2,REDE_POTENCIA_REDUZIDA
19,30,3.42,0.0,3.7,38.0,35.6,REDE_POTENCIA_REDUZIDA
19,35,3.5,0.0,3.7,38.6,36.1,REDE_POTENCIA_REDUZIDA
19,40,3.58,0.0,3.7,39.1,36.5,REDE_POTENCIA_REDUZIDA
19,45,3.67,0.0,3.7,39.4,36.9,REDE_POTENCIA_REDUZIDA
19,50,3.75,0.0,3.7,40.0,37.4,REDE_POTENCIA_REDUZIDA
19,55,3.83,0.0,3.7,40.0,37.8,REDE_POTENCIA_REDUZIDA
19,60,3.92,0.0,3.7,40.2,38.2,REDE_POTENCIA_REDUZIDA
19,65,4.0,0.0,3.7,40.6,38.7,REDE_POTENCIA_REDUZIDA
19,70,4.08,0.0,3.7,41.1,39.1,REDE_POTENCIA_REDUZIDA
19,75,4.17,0.0,3.7,41.3,39.5,REDE_POTENCIA_REDUZIDA
19,80,4.25,0.0,3.7,41.5,40.0,REDE_POTENCIA_REDUZIDA
19,85,4.33,0.0,3.7,41.4,40.4,REDE_POTENCIA_REDUZIDA
19,90,4.42,0.0,3.7,41.6,40.9,REDE_POTENCIA_REDUZIDA
19,95,4.5,0.0,3.7,42.0,41.3,REDE_POTENCIA_REDUZIDA
19,100,4.58,0.0,3.7,42.4,41.7,REDE_POTENCIA_REDUZIDA
19,105,4.67,0.0,3.7,42.5,42.2,REDE_POTENCIA_REDUZIDA
19,110,4.75,0.0,3.7,42.3,42.6,REDE_POTENCIA_REDUZIDA
19,115,4.83,0.0,3.7,42.2,43.0,REDE_POTENCIA_REDUZIDA
19,120,4.92,0.0,3.7,42.1,43.5,REDE_POTENCIA_REDUZIDA
19,125,5.0,0.0,3.7,42.3,43.9,REDE_POTENCIA_REDUZIDA
19,130,5.08,0.0,3.7,42.4,44.3,REDE_POTENCIA_REDUZIDA
19,135,5.17,0.0,3.7,42.5,44.8,REDE_POTENCIA_REDUZIDA
19,140,5.25,0.0,3.7,42.7,45.2,REDE_POTENCIA_REDUZIDA
19,145,5.33,0.0,3.7,43.0,45.7,REDE_POTENCIA_REDUZIDA
19,150,5.42,0.0,3.7,42.9,46.1,REDE_POTENCIA_REDUZIDA
19,155,5.5,0.0,3.7,42.9,46.5,REDE_POTENCIA_REDUZIDA
19,160,5.58,0.0,3.7,42.7,47.0,REDE_POTENCIA_REDUZIDA
19,165,5.67,0.0,3.7,42.6,47.4,REDE_POTENCIA_REDUZIDA
19,170,5.75,0.0,3.7,42.4,47.8,REDE_POTENCIA_REDUZIDA
19,175,5.83,0.0,3.7,42.2,48.3,REDE_POTENCIA_REDUZIDA
19,180,5.92,0.0,3.7,42.1,48.7,REDE_POTENCIA_REDUZIDA
19,185,6.0,0.0,3.7,42.1,49.1,REDE_POTENCIA_REDUZIDA
19,190,6.08,0.17,3.7,42.4,49.6,REDE_POTENCIA_REDUZIDA
19,195,6.17,0.39,3.7,42.4,50.0,REDE_POTENCIA_REDUZIDA
19,200,6.25,0.54,7.4,43.4,50.9,HIBRIDO_SOLAR_REDE
19,205,6.33,0.85,7.4,44.0,51.8,HIBRIDO_SOLAR_REDE
19,210,6.42,1.04,7.4,44.9,52.6,HIBRIDO_SOLAR_REDE
19,215,6.5,1.29,7.4,45.5,53.5,HIBRIDO_SOLAR_REDE
19,220,6.58,1.36,3.7,45.5,53.9,REDUCAO_TERMICA
19,225,6.67,1.52,3.7,45.1,54.4,REDUCAO_TERMICA
19,230,6.75,1.86,3.7,45.1,54.8,REDUCAO_TERMICA
19,235,6.83,1.87,3.7,45.2,55.3,REDUCAO_TERMICA
19,240,6.92,1.89,3.7,44.8,55.7,REDUCAO_TERMICA
19,245,7.0,1.97,3.7,44.8,56.1,REDUCAO_TERMICA
19,250,7.08,2.57,3.7,44.7,56.6,REDUCAO_TERMICA
19,255,7.17,2.3,3.7,44.4,57.0,REDUCAO_TERMICA
19,260,7.25,2.78,3.7,44.5,57.4,REDUCAO_TERMICA
19,265,7.33,2.68,3.7,44.7,57.9,REDUCAO_TERMICA
19,270,7.42,2.9,3.7,44.4,58.3,REDUCAO_TERMICA
19,275,7.5,3.49,3.7,44.0,58.7,REDUCAO_TERMICA
19,280,7.58,3.4,3.7,44.3,59.2,REDUCAO_TERMICA
19,285,7.67,3.54,3.7,44.0,59.6,REDUCAO_TERMICA
19,290,7.75,4.11,3.7,43.8,60.1,REDUCAO_TERMICA
19,295,7.83,3.72,3.7,44.1,60.5,REDUCAO_TERMICA
19,300,7.92,3.78,3.7,44.1,60.9,REDUCAO_TERMICA
19,305,8.0,4.23,3.7,44.0,61.4,REDUCAO_TERMICA
19,310,8.08,4.06,3.7,44.1,61.8,REDUCAO_TERMICA
19,315,8.17,4.32,3.7,43.9,62.2,REDUCAO_TERMICA
19,320,8.25,4.93,3.7,43.7,62.7,REDUCAO_TERMICA
19,325,8.33,4.35,3.7,43.7,63.1,REDUCAO_TERMICA
19,330,8.42,5.78,3.7,44.0,63.5,REDUCAO_TERMICA
19,335,8.5,5.85,3.7,44.2,64.0,REDUCAO_TERMICA
19,340,8.58,5.7,3.7,44.3,64.4,REDUCAO_TERMICA
19,345,8.67,6.18,3.7,44.1,64.9,REDUCAO_TERMICA
19,350,8.75,5.08,3.7,44.2,65.3,REDUCAO_TERMICA
19,355,8.83,6.57,3.7,44.0,65.7,REDUCAO_TERMICA
19,360,8.92,5.92,3.7,43.9,66.2,REDUCAO_TERMICA
19,365,9.0,6.53,3.7,44.2,66.6,REDUCAO_TERMICA
19,370,9.08,6.83,3.7,44.3,67.0,REDUCAO_TERMICA
19,375,9.17,5.56,3.7,44.5,67.5,REDUCAO_TERMICA
19,380,9.25,6.2,3.7,44.6,67.9,REDUCAO_TERMICA
19,385,9.33,7.46,3.7,44.8,68.3,REDUCAO_TERMICA
19,390,9.42,6.6,3.7,44.5,68.8,REDUCAO_TERMICA
19,395,9.5,6.09,3.7,44.5,69.2,REDUCAO_TERMICA
19,400,9.58,6.28,3.7,44.3,69.7,REDUCAO_TERMICA
19,405,9.67,6.74,3.7,44.0,70.1,REDUCAO_TERMICA
19,410,9.75,7.08,3.7,44.1,70.5,REDUCAO_TERMICA
19,415,9.83,7.31,3.7,44.4,71.0,REDUCAO_TERMICA
19,420,9.92,7.25,3.7,44.1,71.4,REDUCAO_TERMICA
19,425,10.0,7.57,3.7,44.3,71.8,REDUCAO_TERMICA
19,430,10.08,8.56,3.7,44.0,72.3,REDUCAO_TERMICA
19,435,10.17,6.81,3.7,44.2,72.7,REDUCAO_TERMICA
19,440,10.25,6.78,3.7,44.2,73.1,REDUCAO_TERMICA
19,445,10.33,8.51,3.7,44.4,73.6,REDUCAO_TERMICA
19,450,10.42,7.92,3.7,44.2,74.0,REDUCAO_TERMICA
19,455,10.5,9.1,3.7,44.0,74.5,REDUCAO_TERMICA
19,460,10.58,8.91,3.7,44.1,74.9,REDUCAO_TERMICA
19,465,10.67,7.82,3.7,44.0,75.3,REDUCAO_TERMICA
19,470,10.75,7.55,3.7,44.0,75.8,REDUCAO_TERMICA
19,475,10.83,8.54,3.7,44.0,76.2,REDUCAO_TERMICA
19,480,10.92,8.5,3.7,44.1,76.6,REDUCAO_TERMICA
19,485,11.0,8.8,3.7,43.8,77.1,REDUCAO_TERMICA
19,490,11.08,8.85,3.7,43.5,77.5,REDUCAO_TERMICA
19,495,11.17,9.11,3.7,43.8,78.0,REDUCAO_TERMICA
19,500,11.25,9.75,3.7,43.9,78.4,REDUCAO_TERMICA
19,505,11.33,8.7,3.7,44.0,78.8,REDUCAO_TERMICA
19,510,11.42,7.55,3.7,44.3,79.3,REDUCAO_TERMICA
19,515,11.5,7.8,3.7,44.5,79.7,REDUCAO_TERMICA
19,520,11.58,9.78,3.7,44.4,80.1,REDUCAO_TERMICA
19,525,11.67,8.66,2.22,43.8,80.4,REDUCAO_TERMICA
19,530,11.75,9.77,2.22,43.4,80.7,REDUCAO_TERMICA
19,535,11.83,9.63,2.22,43.1,80.9,REDUCAO_TERMICA
19,540,11.92,8.05,2.22,43.0,81.2,REDUCAO_TERMICA
19,545,12.0,9.31,2.22,43.0,81.4,REDUCAO_TERMICA
19,550,12.08,8.97,2.22,42.8,81.7,REDUCAO_TERMICA
19,555,12.17,9.1,2.22,42.9,82.0,REDUCAO_TERMICA
19,560,12.25,8.17,2.22,42.7,82.2,REDUCAO_TERMICA
19,565,12.33,9.46,2.22,42.4,82.5,REDUCAO_TERMICA
19,570,12.42,8.51,2.22,42.1,82.8,REDUCAO_TERMICA
19,575,12.5,9.43,2.22,41.7,83.0,REDUCAO_TERMICA
19,580,12.58,8.47,2.22,41.3,83.3,REDUCAO_TERMICA
19,585,12.67,8.24,2.22,41.4,83.5,REDUCAO_TERMICA
19,590,12.75,8.14,2.22,41.3,83.8,REDUCAO_TERMICA
19,595,12.83,8.02,2.22,41.5,84.1,REDUCAO_TERMICA
19,600,12.92,7.94,2.22,41.6,84.3,REDUCAO_TERMICA
19,605,13.0,8.96,2.22,41.2,84.6,REDUCAO_TERMICA
19,610,13.08,8.59,2.22,41.2,84.8,REDUCAO_TERMICA
19,615,13.17,7.85,2.22,41.0,85.1,REDUCAO_TERMICA
19,620,13.25,7.89,2.22,40.8,85.4,REDUCAO_TERMICA
19,625,13.33,7.94,4.44,41.5,85.9,SOLAR_TOTAL
19,630,13.42,7.17,4.44,41.9,86.4,HIBRIDO_SOLAR_REDE
19,635,13.5,7.28,4.44,42.5,86.9,HIBRIDO_SOLAR_REDE
19,640,13.58,8.98,4.44,42.9,87.5,SOLAR_TOTAL
19,645,13.67,8.08,4.44,43.0,88.0,SOLAR_TOTAL
19,650,13.75,8.15,4.44,43.2,88.5,SOLAR_TOTAL
19,655,13.83,8.25,4.44,43.6,89.0,SOLAR_TOTAL
19,660,13.92,7.97,4.44,43.8,89.6,SOLAR_TOTAL
19,665,14.0,7.51,4.44,43.9,90.0,SOLAR_TOTAL
20,5,1.0,0.0,3.7,23.7,9.6,REDE_POTENCIA_REDUZIDA
20,10,1.08,0.0,3.7,24.4,10.3,REDE_POTENCIA_REDUZIDA
20,15,1.17,0.0,3.7,25.3,10.9,REDE_POTENCIA_REDUZIDA
20,20,1.25,0.0,3.7,26.1,11.5,REDE_POTENCIA_REDUZIDA
20,25,1.33,0.0,3.7,26.6,12.2,REDE_POTENCIA_REDUZIDA
20,30,1.42,0.0,3.7,26.9,12.8,REDE_POTENCIA_REDUZIDA
20,35,1.5,0.0,3.7,27.6,13.4,REDE_POTENCIA_REDUZIDA
20,40,1.58,0.0,3.7,28.0,14.1,REDE_POTENCIA_REDUZIDA
20,45,1.67,0.0,3.7,28.4,14.7,REDE_POTENCIA_REDUZIDA
20,50,1.75,0.0,3.7,28.6,15.3,REDE_POTENCIA_REDUZIDA
20,55,1.83,0.0,3.7,28.8,15.9,REDE_POTENCIA_REDUZIDA
20,60,1.92,0.0,3.7,29.0,16.6,REDE_POTENCIA_REDUZIDA
20,65,2.0,0.0,3.7,29.2,17.2,REDE_POTENCIA_REDUZIDA
20,70,2.08,0.0,3.7,29.4,17.8,REDE_POTENCIA_REDUZIDA
20,75,2.17,0.0,3.7,29.4,18.5,REDE_POTENCIA_REDUZIDA
20,80,2.25,0.0,3.7,29.5,19.1,REDE_POTENCIA_REDUZIDA
20,85,2.33,0.0,3.7,29.9,19.7,REDE_POTENCIA_REDUZIDA
20,90,2.42,0.0,3.7,30.3,20.4,REDE_POTENCIA_REDUZIDA
20,95,2.5,0.0,3.7,30.2,21.0,REDE_POTENCIA_REDUZIDA
20,100,2.58,0.0,3.7,30.3,21.6,REDE_POTENCIA_REDUZIDA
20,105,2.67,0.0,3.7,30.4,22.3,REDE_POTENCIA_REDUZIDA
20,110,2.75,0.0,3.7,30.8,22.9,REDE_POTENCIA_REDUZIDA
20,115,2.83,0.0,3.7,30.9,23.5,REDE_POTENCIA_REDUZIDA
20,120,2.92,0.0,3.7,31.1,24.2,REDE_POTENCIA_REDUZIDA
20,125,3.0,0.0,3.7,31.3,24.8,REDE_POTENCIA_REDUZIDA
20,130,3.08,0.0,3.7,31.5,25.4,REDE_POTENCIA_REDUZIDA
20,135,3.17,0.0,3.7,31.4,26.1,REDE_POTENCIA_REDUZIDA
20,140,3.25,0.0,3.7,31.8,26.7,REDE_POTENCIA_REDUZIDA
20,145,3.33,0.0,3.7,31.7,27.3,REDE_POTENCIA_REDUZIDA
20,150,3.42,0.0,3.7,31.7,28.0,REDE_POTENCIA_REDUZIDA
20,155,3.5,0.0,3.7,31.6,28.6,REDE_POTENCIA_REDUZIDA
20,160,3.58,0.0,3.7,31.6,29.2,REDE_POTENCIA_REDUZIDA
20,165,3.67,0.0,3.7,31.5,29.8,REDE_POTENCIA_REDUZIDA
20,170,3.75,0.0,3.7,31.5,30.5,REDE_POTENCIA_REDUZIDA
20,175,3.83,0.0,3.7,31.6,31.1,REDE_POTENCIA_REDUZIDA
20,180,3.92,0.0,3.7,31.5,31.7,REDE_POTENCIA_REDUZIDA
20,185,4.0,0.0,3.7,31.5,32.4,REDE_POTENCIA_REDUZIDA
20,190,4.08,0.0,3.7,31.5,33.0,REDE_POTENCIA_REDUZIDA
20,195,4.17,0.0,3.7,31.8,33.6,REDE_POTENCIA_REDUZIDA
20,200,4.25,0.0,3.7,31.8,34.3,REDE_POTENCIA_REDUZIDA
20,205,4.33,0.0,3.7,31.7,34.9,REDE_POTENCIA_REDUZIDA
20,210,4.42,0.0,3.7,32.0,35.5,REDE_POTENCIA_REDUZIDA
20,215,4.5,0.0,3.7,32.0,36.2,REDE_POTENCIA_REDUZIDA
20,220,4.58,0.0,3.7,32.4,36.8,REDE_POTENCIA_REDUZIDA
20,225,4.67,0.0,3.7,32.6,37.4,REDE_POTENCIA_REDUZIDA
20,230,4.75,0.0,3.7,32.8,38.1,REDE_POTENCIA_REDUZIDA
20,235,4.83,0.0,3.7,32.5,38.7,REDE_POTENCIA_REDUZIDA
20,240,4.92,0.0,3.7,32.3,39.3,REDE_POTENCIA_REDUZIDA
20,245,5.0,0.0,3.7,32.4,40.0,REDE_POTENCIA_REDUZIDA
20,250,5.08,0.0,3.7,32.5,40.6,REDE_POTENCIA_REDUZIDA
20,255,5.17,0.0,3.7,32.7,41.2,REDE_POTENCIA_REDUZIDA
20,260,5.25,0.0,3.7,32.4,41.9,REDE_POTENCIA_REDUZIDA
20,265,5.33,0.0,3.7,32.2,42.5,REDE_POTENCIA_REDUZIDA
20,270,5.42,0.0,3.7,32.0,43.1,REDE_POTENCIA_REDUZIDA
20,275,5.5,0.0,3.7,32.1,43.7,REDE_POTENCIA_REDUZIDA
20,280,5.58,0.0,3.7,32.2,44.4,REDE_POTENCIA_REDUZIDA
20,285,5.67,0.0,3.7,32.2,45.0,REDE_POTENCIA_REDUZIDA
20,290,5.75,0.0,3.7,32.3,45.6,REDE_POTENCIA_REDUZIDA
20,295,5.83,0.0,3.7,32.3,46.3,REDE_POTENCIA_REDUZIDA
20,300,5.92,0.0,3.7,32.1,46.9,REDE_POTENCIA_REDUZIDA
20,305,6.0,0.0,3.7,32.3,47.5,REDE_POTENCIA_REDUZIDA
20,310,6.08,0.17,3.7,32.6,48.2,REDE_POTENCIA_REDUZIDA
20,315,6.17,0.34,3.7,32.8,48.8,REDE_POTENCIA_REDUZIDA
20,320,6.25,0.64,7.4,33.5,50.1,HIBRIDO_SOLAR_REDE
20,325,6.33,0.77,7.4,34.5,51.3,HIBRIDO_SOLAR_REDE
20,330,6.42,1.03,7.4,35.2,52.6,HIBRIDO_SOLAR_REDE
20,335,6.5,1.0,7.4,35.5,53.9,HIBRIDO_SOLAR_REDE
20,340,6.58,1.32,7.4,35.7,55.1,HIBRIDO_SOLAR_REDE
20,345,6.67,1.62,7.4,36.1,56.4,HIBRIDO_SOLAR_REDE
20,350,6.75,1.91,7.4,36.8,57.6,HIBRIDO_SOLAR_REDE
20,355,6.83,2.12,7.4,36.9,58.9,HIBRIDO_SOLAR_REDE
20,360,6.92,1.84,7.4,37.1,60.2,HIBRIDO_SOLAR_REDE
20,365,7.0,2.27,7.4,37.4,61.4,HIBRIDO_SOLAR_REDE
20,370,7.08,2.46,7.4,37.7,62.7,HIBRIDO_SOLAR_REDE
20,375,7.17,2.47,7.4,37.9,64.0,HIBRIDO_SOLAR_REDE
20,380,7.25,2.47,7.4,38.4,65.2,HIBRIDO_SOLAR_REDE
20,385,7.33,3.19,7.4,38.4,66.5,HIBRIDO_SOLAR_REDE
20,390,7.42,2.94,7.4,38.4,67.8,HIBRIDO_SOLAR_REDE
20,395,7.5,3.27,7.4,38.7,69.0,HIBRIDO_SOLAR_REDE
20,400,7.58,3.83,7.4,39.1,70.3,HIBRIDO_SOLAR_REDE
20,405,7.67,3.27,7.4,39.6,71.5,HIBRIDO_SOLAR_REDE
20,410,7.75,3.43,7.4,39.5,72.8,HIBRIDO_SOLAR_REDE
20,415,7.83,4.35,7.4,39.9,74.1,HIBRIDO_SOLAR_REDE
20,420,7.92,4.81,7.4,40.1,75.3,HIBRIDO_SOLAR_REDE
20,425,8.0,3.92,7.4,40.5,76.6,HIBRIDO_SOLAR_REDE
20,430,8.08,4.29,7.4,40.4,77.9,HIBRIDO_SOLAR_REDE
20,435,8.17,4.26,7.4,40.2,79.1,HIBRIDO_SOLAR_REDE
20,440,8.25,4.67,7.4,40.4,80.4,HIBRIDO_SOLAR_REDE
20,445,8.33,4.52,4.44,39.9,81.1,HIBRIDO_SOLAR_REDE
20,450,8.42,5.28,4.44,39.6,81.9,HIBRIDO_SOLAR_REDE
20,455,8.5,4.74,4.44,38.9,82.7,HIBRIDO_SOLAR_REDE
20,460,8.58,4.93,4.44,38.7,83.4,HIBRIDO_SOLAR_REDE
20,465,8.67,5.38,4.44,38.1,84.2,HIBRIDO_SOLAR_REDE
20,470,8.75,5.64,4.44,37.6,84.9,HIBRIDO_SOLAR_REDE
20,475,8.83,5.25,4.44,37.1,85.7,HIBRIDO_SOLAR_REDE
20,480,8.92,6.12,4.44,37.0,86.5,HIBRIDO_SOLAR_REDE
20,485,9.0,7.03,4.44,36.9,87.2,HIBRIDO_SOLAR_REDE
20,490,9.08,6.18,4.44,36.7,88.0,HIBRIDO_SOLAR_REDE
20,495,9.17,7.0,4.44,36.7,88.7,HIBRIDO_SOLAR_REDE
20,500,9.25,6.34,4.44,36.4,89.5,HIBRIDO_SOLAR_REDE
20,505,9.33,6.82,4.44,36.5,90.0,HIBRIDO_SOLAR_REDE
21,5,4.0,0.0,3.7,30.0,30.9,REDE_POTENCIA_REDUZIDA
21,10,4.08,0.0,3.7,30.5,31.9,REDE_POTENCIA_REDUZIDA
21,15,4.17,0.0,3.7,31.1,32.8,REDE_POTENCIA_REDUZIDA
21,20,4.25,0.0,3.7,31.8,33.8,REDE_POTENCIA_REDUZIDA
21,25,4.33,0.0,3.7,32.2,34.7,REDE_POTENCIA_REDUZIDA
21,30,4.42,0.0,3.7,32.6,35.6,REDE_POTENCIA_REDUZIDA
21,35,4.5,0.0,3.7,33.0,36.6,REDE_POTENCIA_REDUZIDA
21,40,4.58,0.0,3.7,33.7,37.5,REDE_POTENCIA_REDUZIDA
21,45,4.67,0.0,3.7,33.8,38.5,REDE_POTENCIA_REDUZIDA
21,50,4.75,0.0,3.7,34.0,39.4,REDE_POTENCIA_REDUZIDA
21,55,4.83,0.0,3.7,34.0,40.3,REDE_POTENCIA_REDUZIDA
21,60,4.92,0.0,3.7,34.3,41.3,REDE_POTENCIA_REDUZIDA
21,65,5.0,0.0,3.7,34.4,42.2,REDE_POTENCIA_REDUZIDA
21,70,5.08,0.0,3.7,34.6,43.2,REDE_POTENCIA_REDUZIDA
21,75,5.17,0.0,3.7,34.9,44.1,REDE_POTENCIA_REDUZIDA
21,80,5.25,0.0,3.7,35.3,45.0,REDE_POTENCIA_REDUZIDA
21,85,5.33,0.0,3.7,35.6,46.0,REDE_POTENCIA_REDUZIDA
21,90,5.42,0.0,3.7,36.0,46.9,REDE_POTENCIA_REDUZIDA
21,95,5.5,0.0,3.7,36.0,47.8,REDE_POTENCIA_REDUZIDA
21,100,5.58,0.0,3.7,36.4,48.8,REDE_POTENCIA_REDUZIDA
21,105,5.67,0.0,3.7,36.8,49.7,REDE_POTENCIA_REDUZIDA
21,110,5.75,0.0,3.7,36.7,50.7,REDE_POTENCIA_REDUZIDA
21,115,5.83,0.0,3.7,36.7,51.6,REDE_POTENCIA_REDUZIDA
21,120,5.92,0.0,3.7,37.0,52.5,REDE_POTENCIA_REDUZIDA
21,125,6.0,0.0,3.7,36.9,53.5,REDE_POTENCIA_REDUZIDA
21,130,6.08,0.19,3.7,36.8,54.4,REDE_POTENCIA_REDUZIDA
21,135,6.17,0.4,3.7,37.2,55.4,REDE_POTENCIA_REDUZIDA
21,140,6.25,0.56,7.4,37.8,57.2,HIBRIDO_SOLAR_REDE
21,145,6.33,0.67,7.4,38.6,59.1,HIBRIDO_SOLAR_REDE
21,150,6.42,1.01,7.4,39.1,61.0,HIBRIDO_SOLAR_REDE
21,155,6.5,1.13,7.4,40.1,62.9,HIBRIDO_SOLAR_REDE
21,160,6.58,1.43,7.4,40.7,64.8,HIBRIDO_SOLAR_REDE
21,165,6.67,1.58,7.4,41.1,66.6,HIBRIDO_SOLAR_REDE
21,170,6.75,1.95,7.4,41.5,68.5,HIBRIDO_SOLAR_REDE
21,175,6.83,1.91,7.4,42.2,70.4,HIBRIDO_SOLAR_REDE
21,180,6.92,1.8,7.4,42.9,72.3,HIBRIDO_SOLAR_REDE
21,185,7.0,2.35,7.4,43.2,74.1,HIBRIDO_SOLAR_REDE
21,190,7.08,2.43,7.4,43.3,76.0,HIBRIDO_SOLAR_REDE
21,195,7.17,2.78,7.4,43.5,77.9,HIBRIDO_SOLAR_REDE
21,200,7.25,2.95,7.4,43.9,79.8,HIBRIDO_SOLAR_REDE
21,205,7.33,3.0,7.4,44.3,81.7,HIBRIDO_SOLAR_REDE
21,210,7.42,3.12,4.44,44.0,82.8,HIBRIDO_SOLAR_REDE
21,215,7.5,2.95,4.44,43.5,83.9,HIBRIDO_SOLAR_REDE
21,220,7.58,3.03,4.44,43.3,85.0,HIBRIDO_SOLAR_REDE
21,225,7.67,4.12,4.44,43.2,86.2,HIBRIDO_SOLAR_REDE
21,230,7.75,4.18,4.44,42.9,87.3,HIBRIDO_SOLAR_REDE
21,235,7.83,3.6,4.44,42.6,88.4,HIBRIDO_SOLAR_REDE
21,240,7.92,3.7,4.44,42.6,89.6,HIBRIDO_SOLAR_REDE
21,245,8.0,4.55,4.44,42.5,90.7,HIBRIDO_SOLAR_REDE
21,250,8.08,5.03,4.44,42.1,91.8,HIBRIDO_SOLAR_REDE
21,255,8.17,5.35,4.44,42.1,92.9,HIBRIDO_SOLAR_REDE
21,260,8.25,5.37,4.44,41.8,94.1,HIBRIDO_SOLAR_REDE
21,265,8.33,4.57,4.44,41.9,95.2,HIBRIDO_SOLAR_REDE
21,270,8.42,5.3,4.44,41.9,96.3,HIBRIDO_SOLAR_REDE
21,275,8.5,5.74,4.44,41.8,97.4,HIBRIDO_SOLAR_REDE
21,280,8.58,6.08,4.44,42.0,98.6,HIBRIDO_SOLAR_REDE
21,285,8.67,5.93,4.44,41.7,99.7,HIBRIDO_SOLAR_REDE
21,290,8.75,5.65,4.44,41.8,100.0,HIBRIDO_SOLAR_REDE
22,5,1.0,0.0,3.7,23.2,15.4,REDE_POTENCIA_REDUZIDA
22,10,1.08,0.0,3.7,24.0,15.9,REDE_POTENCIA_REDUZIDA
22,15,1.17,0.0,3.7,24.7,16.3,REDE_POTENCIA_REDUZIDA
22,20,1.25,0.0,3.7,25.2,16.7,REDE_POTENCIA_REDUZIDA
22,25,1.33,0.0,3.7,25.5,17.2,REDE_POTENCIA_REDUZIDA
22,30,1.42,0.0,3.7,26.1,17.6,REDE_POTENCIA_REDUZIDA
22,35,1.5,0.0,3.7,26.4,18.1,REDE_POTENCIA_REDUZIDA
22,40,1.58,0.0,3.7,26.8,18.5,REDE_POTENCIA_REDUZIDA
22,45,1.67,0.0,3.7,26.9,18.9,REDE_POTENCIA_REDUZIDA
22,50,1.75,0.0,3.7,27.3,19.4,REDE_POTENCIA_REDUZIDA
22,55,1.83,0.0,3.7,27.8,19.8,REDE_POTENCIA_REDUZIDA
22,60,1.92,0.0,3.7,28.0,20.2,REDE_POTENCIA_REDUZIDA
22,65,2.0,0.0,3.7,28.6,20.7,REDE_POTENCIA_REDUZIDA
22,70,2.08,0.0,3.7,28.8,21.1,REDE_POTENCIA_REDUZIDA
22,75,2.17,0.0,3.7,29.0,21.5,REDE_POTENCIA_REDUZIDA
22,80,2.25,0.0,3.7,29.4,22.0,REDE_POTENCIA_REDUZIDA
22,85,2.33,0.0,3.7,29.8,22.4,REDE_POTENCIA_REDUZIDA
22,90,2.42,0.0,3.7,29.8,22.9,REDE_POTENCIA_REDUZIDA
22,95,2.5,0.0,3.7,30.2,23.3,REDE_POTENCIA_REDUZIDA
22,100,2.58,0.0,3.7,30.5,23.7,REDE_POTENCIA_REDUZIDA
22,105,2.67,0.0,3.7,30.4,24.2,REDE_POTENCIA_REDUZIDA
22,110,2.75,0.0,3.7,30.8,24.6,REDE_POTENCIA_REDUZIDA
22,115,2.83,0.0,3.7,30.8,25.0,REDE_POTENCIA_REDUZIDA
22,120,2.92,0.0,3.7,30.7,25.5,REDE_POTENCIA_REDUZIDA
22,125,3.0,0.0,3.7,31.0,25.9,REDE_POTENCIA_REDUZIDA
22,130,3.08,0.0,3.7,31.2,26.3,REDE_POTENCIA_REDUZIDA
22,135,3.17,0.0,3.7,31.5,26.8,REDE_POTENCIA_REDUZIDA
22,140,3.25,0.0,3.7,31.7,27.2,REDE_POTENCIA_REDUZIDA
22,145,3.33,0.0,3.7,31.4,27.7,REDE_POTENCIA_REDUZIDA
22,150,3.42,0.0,3.7,31.6,28.1,REDE_POTENCIA_REDUZIDA
22,155,3.5,0.0,3.7,31.6,28.5,REDE_POTENCIA_REDUZIDA
22,160,3.58,0.0,3.7,31.5,29.0,REDE_POTENCIA_REDUZIDA
22,165,3.67,0.0,3.7,31.4,29.4,REDE_POTENCIA_REDUZIDA
22,170,3.75,0.0,3.7,31.6,29.8,REDE_POTENCIA_REDUZIDA
22,175,3.83,0.0,3.7,31.4,30.3,REDE_POTENCIA_REDUZIDA
22,180,3.92,0.0,3.7,31.5,30.7,REDE_POTENCIA_REDUZIDA
22,185,4.0,0.0,3.7,31.7,31.1,REDE_POTENCIA_REDUZIDA
22,190,4.08,0.0,3.7,31.5,31.6,REDE_POTENCIA_REDUZIDA
22,195,4.17,0.0,3.7,31.8,32.0,REDE_POTENCIA_REDUZIDA
22,200,4.25,0.0,3.7,31.5,32.5,REDE_POTENCIA_REDUZIDA
22,205,4.33,0.0,3.7,31.7,32.9,REDE_POTENCIA_REDUZIDA
22,210,4.42,0.0,3.7,31.5,33.3,REDE_POTENCIA_REDUZIDA
22,215,4.5,0.0,3.7,31.4,33.8,REDE_POTENCIA_REDUZIDA
22,220,4.58,0.0,3.7,31.3,34.2,REDE_POTENCIA_REDUZIDA
22,225,4.67,0.0,3.7,31.1,34.6,REDE_POTENCIA_REDUZIDA
22,230,4.75,0.0,3.7,31.4,35.1,REDE_POTENCIA_REDUZIDA
22,235,4.83,0.0,3.7,31.6,35.5,REDE_POTENCIA_REDUZIDA
22,240,4.92,0.0,3.7,31.7,35.9,REDE_POTENCIA_REDUZIDA
22,245,5.0,0.0,3.7,31.9,36.4,REDE_POTENCIA_REDUZIDA
22,250,5.08,0.0,3.7,32.0,36.8,REDE_POTENCIA_REDUZIDA
22,255,5.17,0.0,3.7,32.0,37.3,REDE_POTENCIA_REDUZIDA
22,260,5.25,0.0,3.7,31.9,37.7,REDE_POTENCIA_REDUZIDA
22,265,5.33,0.0,3.7,31.7,38.1,REDE_POTENCIA_REDUZIDA
22,270,5.42,0.0,3.7,31.9,38.6,REDE_POTENCIA_REDUZIDA
22,275,5.5,0.0,3.7,31.9,39.0,REDE_POTENCIA_REDUZIDA
22,280,5.58,0.0,3.7,32.1,39.4,REDE_POTENCIA_REDUZIDA
22,285,5.67,0.0,3.7,32.0,39.9,REDE_POTENCIA_REDUZIDA
22,290,5.75,0.0,3.7,31.9,40.3,REDE_POTENCIA_REDUZIDA
22,295,5.83,0.0,3.7,31.8,40.7,REDE_POTENCIA_REDUZIDA
22,300,5.92,0.0,3.7,32.0,41.2,REDE_POTENCIA_REDUZIDA
22,305,6.0,0.0,3.7,32.2,41.6,REDE_POTENCIA_REDUZIDA
22,310,6.08,0.21,3.7,32.1,42.1,REDE_POTENCIA_REDUZIDA
22,315,6.17,0.4,3.7,31.8,42.5,REDE_POTENCIA_REDUZIDA
22,320,6.25,0.59,7.4,32.4,43.4,HIBRIDO_SOLAR_REDE
22,325,6.33,0.77,7.4,33.2,44.2,HIBRIDO_SOLAR_REDE
22,330,6.42,1.0,7.4,33.7,45.1,HIBRIDO_SOLAR_REDE
22,335,6.5,1.27,7.4,34.4,46.0,HIBRIDO_SOLAR_REDE
22,340,6.58,1.22,7.4,35.2,46.9,HIBRIDO_SOLAR_REDE
22,345,6.67,1.36,7.4,35.6,47.7,HIBRIDO_SOLAR_REDE
22,350,6.75,1.6,7.4,35.8,48.6,HIBRIDO_SOLAR_REDE
22,355,6.83,1.96,7.4,35.9,49.5,HIBRIDO_SOLAR_REDE
22,360,6.92,1.96,7.4,36.2,50.3,HIBRIDO_SOLAR_REDE
22,365,7.0,2.27,7.4,36.4,51.2,HIBRIDO_SOLAR_REDE
22,370,7.08,2.79,7.4,36.7,52.1,HIBRIDO_SOLAR_REDE
22,375,7.17,2.36,7.4,36.8,53.0,HIBRIDO_SOLAR_REDE
22,380,7.25,2.42,7.4,37.2,53.8,HIBRIDO_SOLAR_REDE
22,385,7.33,2.61,7.4,37.5,54.7,HIBRIDO_SOLAR_REDE
22,390,7.42,3.52,7.4,38.1,55.6,HIBRIDO_SOLAR_REDE
22,395,7.5,3.31,7.4,38.4,56.5,HIBRIDO_SOLAR_REDE
22,400,7.58,3.4,7.4,38.6,57.3,HIBRIDO_SOLAR_REDE
22,405,7.67,3.21,7.4,39.1,58.2,HIBRIDO_SOLAR_REDE
22,410,7.75,3.69,7.4,39.5,59.1,HIBRIDO_SOLAR_REDE
22,415,7.83,4.06,7.4,39.9,60.0,HIBRIDO_SOLAR_REDE
22,420,7.92,4.25,7.4,39.8,60.8,HIBRIDO_SOLAR_REDE
22,425,8.0,4.17,7.4,40.2,61.7,HIBRIDO_SOLAR_REDE
22,430,8.08,4.47,7.4,40.3,62.6,HIBRIDO_SOLAR_REDE
22,435,8.17,4.07,7.4,40.5,63.4,HIBRIDO_SOLAR_REDE
22,440,8.25,4.29,7.4,40.6,64.3,HIBRIDO_SOLAR_REDE
22,445,8.33,4.97,7.4,40.7,65.2,HIBRIDO_SOLAR_REDE
22,450,8.42,5.79,7.4,40.8,66.1,HIBRIDO_SOLAR_REDE
22,455,8.5,5.47,7.4,41.0,66.9,HIBRIDO_SOLAR_REDE
22,460,8.58,5.36,7.4,41.0,67.8,HIBRIDO_SOLAR_REDE
22,465,8.67,6.27,7.4,40.8,68.7,HIBRIDO_SOLAR_REDE
22,470,8.75,5.65,7.4,40.8,69.6,HIBRIDO_SOLAR_REDE
22,475,8.83,5.75,7.4,40.8,70.4,HIBRIDO_SOLAR_REDE
22,480,8.92,6.24,7.4,40.5,71.3,HIBRIDO_SOLAR_REDE
22,485,9.0,6.03,7.4,40.3,72.2,HIBRIDO_SOLAR_REDE
22,490,9.08,7.14,7.4,40.5,73.0,HIBRIDO_SOLAR_REDE
22,495,9.17,6.41,7.4,40.3,73.9,HIBRIDO_SOLAR_REDE
22,500,9.25,7.15,7.4,40.6,74.8,HIBRIDO_SOLAR_REDE
22,505,9.33,6.09,7.4,40.9,75.7,HIBRIDO_SOLAR_REDE
22,510,9.42,6.76,7.4,41.1,76.5,HIBRIDO_SOLAR_REDE
22,515,9.5,6.09,7.4,41.3,77.4,HIBRIDO_SOLAR_REDE
22,520,9.58,6.78,7.4,41.5,78.3,HIBRIDO_SOLAR_REDE
22,525,9.67,6.6,7.4,41.7,79.2,HIBRIDO_SOLAR_REDE
22,530,9.75,7.23,7.4,41.8,80.0,HIBRIDO_SOLAR_REDE
22,535,9.83,6.45,4.44,41.2,80.5,HIBRIDO_SOLAR_REDE
22,540,9.92,6.89,4.44,40.7,81.1,HIBRIDO_SOLAR_REDE
22,545,10.0,8.15,4.44,40.2,81.6,SOLAR_TOTAL
22,550,10.08,7.64,4.44,39.5,82.1,SOLAR_TOTAL
22,555,10.17,7.5,4.44,38.9,82.6,SOLAR_TOTAL
22,560,10.25,7.22,4.44,38.5,83.2,HIBRIDO_SOLAR_REDE
22,565,10.33,8.09,4.44,38.0,83.7,SOLAR_TOTAL
22,570,10.42,7.58,4.44,37.4,84.2,SOLAR_TOTAL
22,575,10.5,8.96,4.44,37.1,84.7,SOLAR_TOTAL
22,580,10.58,7.46,4.44,36.6,85.3,SOLAR_TOTAL
22,585,10.67,7.59,4.44,36.3,85.8,SOLAR_TOTAL
22,590,10.75,7.58,4.44,36.2,86.3,SOLAR_TOTAL
22,595,10.83,7.6,4.44,36.0,86.8,SOLAR_TOTAL
22,600,10.92,8.13,4.44,36.0,87.4,SOLAR_TOTAL
22,605,11.0,7.55,4.44,35.7,87.9,SOLAR_TOTAL
22,610,11.08,8.02,4.44,35.5,88.4,SOLAR_TOTAL
22,615,11.17,8.39,4.44,35.6,88.9,SOLAR_TOTAL
22,620,11.25,8.99,4.44,35.2,89.5,SOLAR_TOTAL
22,625,11.33,8.57,4.44,34.9,90.0,SOLAR_TOTAL
22,630,11.42,7.63,4.44,34.6,90.5,SOLAR_TOTAL
22,635,11.5,8.06,4.44,34.8,91.0,SOLAR_TOTAL
22,640,11.58,7.9,4.44,34.9,91.5,SOLAR_TOTAL
22,645,11.67,9.6,4.44,34.8,92.1,SOLAR_TOTAL
22,650,11.75,9.04,4.44,34.5,92.6,SOLAR_TOTAL
22,655,11.83,9.88,4.44,34.3,93.1,SOLAR_TOTAL
22,660,11.92,8.24,4.44,34.0,93.6,SOLAR_TOTAL
22,665,12.0,8.85,4.44,34.2,94.2,SOLAR_TOTAL
22,670,12.08,7.96,4.44,34.0,94.7,SOLAR_TOTAL
22,675,12.17,8.11,4.44,33.8,95.2,SOLAR_TOTAL
22,680,12.25,9.42,4.44,33.8,95.7,SOLAR_TOTAL
22,685,12.33,7.81,4.44,33.6,96.3,SOLAR_TOTAL
22,690,12.42,9.6,4.44,33.7,96.8,SOLAR_TOTAL
22,695,12.5,9.14,4.44,33.6,97.3,SOLAR_TOTAL
22,700,12.58,9.46,4.44,33.6,97.8,SOLAR_TOTAL
22,705,12.67,9.41,4.44,33.5,98.4,SOLAR_TOTAL
22,710,12.75,9.61,4.44,33.7,98.9,SOLAR_TOTAL
22,715,12.83,7.64,4.44,34.0,99.4,SOLAR_TOTAL
22,720,12.92,9.41,4.44,34.1,99.9,SOLAR_TOTAL
22,725,13.0,8.75,4.44,33.8,100.0,SOLAR_TOTAL
23,5,1.0,0.0,3.7,32.2,25.9,REDE_POTENCIA_REDUZIDA
23,10,1.08,0.0,3.7,32.9,26.9,REDE_POTENCIA_REDUZIDA
23,15,1.17,0.0,3.7,33.4,27.8,REDE_POTENCIA_REDUZIDA
23,20,1.25,0.0,3.7,33.9,28.8,REDE_POTENCIA_REDUZIDA
23,25,1.33,0.0,3.7,34.6,29.7,REDE_POTENCIA_REDUZIDA
23,30,1.42,0.0,3.7,35.2,30.7,REDE_POTENCIA_REDUZIDA
23,35,1.5,0.0,3.7,35.8,31.6,REDE_POTENCIA_REDUZIDA
23,40,1.58,0.0,3.7,36.4,32.5,REDE_POTENCIA_REDUZIDA
23,45,1.67,0.0,3.7,36.7,33.5,REDE_POTENCIA_REDUZIDA
23,50,1.75,0.0,3.7,36.9,34.4,REDE_POTENCIA_REDUZIDA
23,55,1.83,0.0,3.7,37.4,35.4,REDE_POTENCIA_REDUZIDA
23,60,1.92,0.0,3.7,37.9,36.3,REDE_POTENCIA_REDUZIDA
23,65,2.0,0.0,3.7,37.8,37.3,REDE_POTENCIA_REDUZIDA
23,70,2.08,0.0,3.7,38.0,38.2,REDE_POTENCIA_REDUZIDA
23,75,2.17,0.0,3.7,38.1,39.1,REDE_POTENCIA_REDUZIDA
23,80,2.25,0.0,3.7,38.1,40.1,REDE_POTENCIA_REDUZIDA
23,85,2.33,0.0,3.7,38.5,41.0,REDE_POTENCIA_REDUZIDA
23,90,2.42,0.0,3.7,38.5,42.0,REDE_POTENCIA_REDUZIDA
23,95,2.5,0.0,3.7,38.7,42.9,REDE_POTENCIA_REDUZIDA
23,100,2.58,0.0,3.7,38.9,43.8,REDE_POTENCIA_REDUZIDA
23,105,2.67,0.0,3.7,38.9,44.8,REDE_POTENCIA_REDUZIDA
23,110,2.75,0.0,3.7,38.7,45.7,REDE_POTENCIA_REDUZIDA
23,115,2.83,0.0,3.7,38.9,46.7,REDE_POTENCIA_REDUZIDA
23,120,2.92,0.0,3.7,39.3,47.6,REDE_POTENCIA_REDUZIDA
23,125,3.0,0.0,3.7,39.2,48.6,REDE_POTENCIA_REDUZIDA
23,130,3.08,0.0,3.7,39.2,49.5,REDE_POTENCIA_REDUZIDA
23,135,3.17,0.0,3.7,39.4,50.4,REDE_POTENCIA_REDUZIDA
23,140,3.25,0.0,3.7,39.4,51.4,REDE_POTENCIA_REDUZIDA
23,145,3.33,0.0,3.7,39.2,52.3,REDE_POTENCIA_REDUZIDA
23,150,3.42,0.0,3.7,39.4,53.3,REDE_POTENCIA_REDUZIDA
23,155,3.5,0.0,3.7,39.4,54.2,REDE_POTENCIA_REDUZIDA
23,160,3.58,0.0,3.7,39.6,55.2,REDE_POTENCIA_REDUZIDA
23,165,3.67,0.0,3.7,39.6,56.1,REDE_POTENCIA_REDUZIDA
23,170,3.75,0.0,3.7,39.9,57.0,REDE_POTENCIA_REDUZIDA
23,175,3.83,0.0,3.7,40.2,58.0,REDE_POTENCIA_REDUZIDA
23,180,3.92,0.0,3.7,40.1,58.9,REDE_POTENCIA_REDUZIDA
23,185,4.0,0.0,3.7,40.2,59.9,REDE_POTENCIA_REDUZIDA
23,190,4.08,0.0,3.7,40.3,60.8,REDE_POTENCIA_REDUZIDA
23,195,4.17,0.0,3.7,40.6,61.8,REDE_POTENCIA_REDUZIDA
23,200,4.25,0.0,3.7,40.9,62.7,REDE_POTENCIA_REDUZIDA
23,205,4.33,0.0,3.7,40.7,63.6,REDE_POTENCIA_REDUZIDA
23,210,4.42,0.0,3.7,41.0,64.6,REDE_POTENCIA_REDUZIDA
23,215,4.5,0.0,3.7,40.8,65.5,REDE_POTENCIA_REDUZIDA
23,220,4.58,0.0,3.7,40.8,66.5,REDE_POTENCIA_REDUZIDA
23,225,4.67,0.0,3.7,40.8,67.4,REDE_POTENCIA_REDUZIDA
23,230,4.75,0.0,3.7,40.8,68.4,REDE_POTENCIA_REDUZIDA
23,235,4.83,0.0,3.7,40.7,69.3,REDE_POTENCIA_REDUZIDA
23,240,4.92,0.0,3.7,40.8,70.2,REDE_POTENCIA_REDUZIDA
23,245,5.0,0.0,3.7,40.9,71.2,REDE_POTENCIA_REDUZIDA
23,250,5.08,0.0,3.7,41.0,72.1,REDE_POTENCIA_REDUZIDA
23,255,5.17,0.0,3.7,40.9,73.1,REDE_POTENCIA_REDUZIDA
23,260,5.25,0.0,3.7,40.8,74.0,REDE_POTENCIA_REDUZIDA
23,265,5.33,0.0,3.7,40.7,74.9,REDE_POTENCIA_REDUZIDA
23,270,5.42,0.0,3.7,40.7,75.9,REDE_POTENCIA_REDUZIDA
23,275,5.5,0.0,3.7,40.6,76.8,REDE_POTENCIA_REDUZIDA
23,280,5.58,0.0,3.7,40.6,77.8,REDE_POTENCIA_REDUZIDA
23,285,5.67,0.0,3.7,40.4,78.7,REDE_POTENCIA_REDUZIDA
23,290,5.75,0.0,3.7,40.7,79.7,REDE_POTENCIA_REDUZIDA
23,295,5.83,0.0,3.7,40.7,80.6,REDE_POTENCIA_REDUZIDA
23,300,5.92,0.0,2.22,40.4,81.2,REDE_POTENCIA_REDUZIDA
23,305,6.0,0.0,2.22,40.1,81.7,REDE_POTENCIA_REDUZIDA
23,310,6.08,0.19,2.22,39.8,82.3,REDE_POTENCIA_REDUZIDA
23,315,6.17,0.33,2.22,39.7,82.9,REDE_POTENCIA_REDUZIDA
23,320,6.25,0.57,4.44,40.1,84.0,HIBRIDO_SOLAR_REDE
23,325,6.33,0.71,4.44,40.1,85.1,HIBRIDO_SOLAR_REDE
23,330,6.42,1.07,4.44,40.1,86.3,HIBRIDO_SOLAR_REDE
23,335,6.5,1.26,4.44,40.2,87.4,HIBRIDO_SOLAR_REDE
23,340,6.58,1.38,4.44,40.4,88.5,HIBRIDO_SOLAR_REDE
23,345,6.67,1.44,4.44,40.4,89.6,HIBRIDO_SOLAR_REDE
23,350,6.75,1.94,4.44,40.6,90.0,HIBRIDO_SOLAR_REDE
24,5,0.0,0.0,3.7,31.4,26.7,REDE_POTENCIA_REDUZIDA
24,10,0.08,0.0,3.7,32.0,27.4,REDE_POTENCIA_REDUZIDA
24,15,0.17,0.0,3.7,32.6,28.1,REDE_POTENCIA_REDUZIDA
24,20,0.25,0.0,3.7,32.9,28.8,REDE_POTENCIA_REDUZIDA
24,25,0.33,0.0,3.7,33.4,29.5,REDE_POTENCIA_REDUZIDA
24,30,0.42,0.0,3.7,34.1,30.3,REDE_POTENCIA_REDUZIDA
24,35,0.5,0.0,3.7,34.8,31.0,REDE_POTENCIA_REDUZIDA
24,40,0.58,0.0,3.7,35.2,31.7,REDE_POTENCIA_REDUZIDA
24,45,0.67,0.0,3.7,35.5,32.4,REDE_POTENCIA_REDUZIDA
24,50,0.75,0.0,3.7,36.0,33.1,REDE_POTENCIA_REDUZIDA
24,55,0.83,0.0,3.7,36.6,33.8,REDE_POTENCIA_REDUZIDA
24,60,0.92,0.0,3.7,37.0,34.5,REDE_POTENCIA_REDUZIDA
24,65,1.0,0.0,3.7,37.1,35.2,REDE_POTENCIA_REDUZIDA
24,70,1.08,0.0,3.7,37.5,35.9,REDE_POTENCIA_REDUZIDA
24,75,1.17,0.0,3.7,37.8,36.6,REDE_POTENCIA_REDUZIDA
24,80,1.25,0.0,3.7,37.9,37.3,REDE_POTENCIA_REDUZIDA
24,85,1.33,0.0,3.7,38.2,38.1,REDE_POTENCIA_REDUZIDA
24,90,1.42,0.0,3.7,38.4,38.8,REDE_POTENCIA_REDUZIDA
24,95,1.5,0.0,3.7,38.6,39.5,REDE_POTENCIA_REDUZIDA
24,100,1.58,0.0,3.7,39.0,40.2,REDE_POTENCIA_REDUZIDA
24,105,1.67,0.0,3.7,39.3,40.9,REDE_POTENCIA_REDUZIDA
24,110,1.75,0.0,3.7,39.1,41.6,REDE_POTENCIA_REDUZIDA
24,115,1.83,0.0,3.7,39.4,42.3,REDE_POTENCIA_REDUZIDA
24,120,1.92,0.0,3.7,39.7,43.0,REDE_POTENCIA_REDUZIDA
24,125,2.0,0.0,3.7,39.5,43.7,REDE_POTENCIA_REDUZIDA
24,130,2.08,0.0,3.7,39.4,44.4,REDE_POTENCIA_REDUZIDA
24,135,2.17,0.0,3.7,39.6,45.1,REDE_POTENCIA_REDUZIDA
24,140,2.25,0.0,3.7,39.8,45.9,REDE_POTENCIA_REDUZIDA
24,145,2.33,0.0,3.7,40.0,46.6,REDE_POTENCIA_REDUZIDA
24,150,2.42,0.0,3.7,40.0,47.3,REDE_POTENCIA_REDUZIDA
24,155,2.5,0.0,3.7,40.0,48.0,REDE_POTENCIA_REDUZIDA
24,160,2.58,0.0,3.7,40.0,48.7,REDE_POTENCIA_REDUZIDA
24,165,2.67,0.0,3.7,39.8,49.4,REDE_POTENCIA_REDUZIDA
24,170,2.75,0.0,3.7,39.7,50.1,REDE_POTENCIA_REDUZIDA
24,175,2.83,0.0,3.7,39.7,50.8,REDE_POTENCIA_REDUZIDA
24,180,2.92,0.0,3.7,39.9,51.5,REDE_POTENCIA_REDUZIDA
24,185,3.0,0.0,3.7,40.2,52.2,REDE_POTENCIA_REDUZIDA
24,190,3.08,0.0,3.7,40.2,52.9,REDE_POTENCIA_REDUZIDA
24,195,3.17,0.0,3.7,40.4,53.7,REDE_POTENCIA_REDUZIDA
24,200,3.25,0.0,3.7,40.1,54.4,REDE_POTENCIA_REDUZIDA
24,205,3.33,0.0,3.7,40.0,55.1,REDE_POTENCIA_REDUZIDA
24,210,3.42,0.0,3.7,40.0,55.8,REDE_POTENCIA_REDUZIDA
24,215,3.5,0.0,3.7,39.8,56.5,REDE_POTENCIA_REDUZIDA
24,220,3.58,0.0,3.7,40.0,57.2,REDE_POTENCIA_REDUZIDA
24,225,3.67,0.0,3.7,39.8,57.9,REDE_POTENCIA_REDUZIDA
24,230,3.75,0.0,3.7,40.1,58.6,REDE_POTENCIA_REDUZIDA
24,235,3.83,0.0,3.7,40.4,59.3,REDE_POTENCIA_REDUZIDA
24,240,3.92,0.0,3.7,40.3,60.0,REDE_POTENCIA_REDUZIDA
24,245,4.0,0.0,3.7,40.5,60.7,REDE_POTENCIA_REDUZIDA
24,250,4.08,0.0,3.7,40.7,61.5,REDE_POTENCIA_REDUZIDA
24,255,4.17,0.0,3.7,40.4,62.2,REDE_POTENCIA_REDUZIDA
24,260,4.25,0.0,3.7,40.6,62.9,REDE_POTENCIA_REDUZIDA
24,265,4.33,0.0,3.7,40.5,63.6,REDE_POTENCIA_REDUZIDA
24,270,4.42,0.0,3.7,40.2,64.3,REDE_POTENCIA_REDUZIDA
24,275,4.5,0.0,3.7,40.4,65.0,REDE_POTENCIA_REDUZIDA
24,280,4.58,0.0,3.7,40.1,65.7,REDE_POTENCIA_REDUZIDA
24,285,4.67,0.0,3.7,40.4,66.4,REDE_POTENCIA_REDUZIDA
24,290,4.75,0.0,3.7,40.5,67.1,REDE_POTENCIA_REDUZIDA
24,295,4.83,0.0,3.7,40.2,67.8,REDE_POTENCIA_REDUZIDA
24,300,4.92,0.0,3.7,39.9,68.6,REDE_POTENCIA_REDUZIDA
24,305,5.0,0.0,3.7,39.7,69.3,REDE_POTENCIA_REDUZIDA
24,310,5.08,0.0,3.7,39.9,70.0,REDE_POTENCIA_REDUZIDA
24,315,5.17,0.0,3.7,40.1,70.7,REDE_POTENCIA_REDUZIDA
24,320,5.25,0.0,3.7,40.4,71.4,REDE_POTENCIA_REDUZIDA
24,325,5.33,0.0,3.7,40.1,72.1,REDE_POTENCIA_REDUZIDA
24,330,5.42,0.0,3.7,40.1,72.8,REDE_POTENCIA_REDUZIDA
24,335,5.5,0.0,3.7,40.0,73.5,REDE_POTENCIA_REDUZIDA
24,340,5.58,0.0,3.7,40.3,74.2,REDE_POTENCIA_REDUZIDA
24,345,5.67,0.0,3.7,40.0,74.9,REDE_POTENCIA_REDUZIDA
24,350,5.75,0.0,3.7,40.0,75.6,REDE_POTENCIA_REDUZIDA
24,355,5.83,0.0,3.7,40.0,76.4,REDE_POTENCIA_REDUZIDA
24,360,5.92,0.0,3.7,39.9,77.1,REDE_POTENCIA_REDUZIDA
24,365,6.0,0.0,3.7,40.2,77.8,REDE_POTENCIA_REDUZIDA
24,370,6.08,0.22,3.7,40.1,78.5,REDE_POTENCIA_REDUZIDA
24,375,6.17,0.33,3.7,40.2,79.2,REDE_POTENCIA_REDUZIDA
24,380,6.25,0.5,7.4,40.9,80.6,HIBRIDO_SOLAR_REDE
24,385,6.33,0.72,4.44,40.9,81.5,HIBRIDO_SOLAR_REDE
24,390,6.42,0.91,4.44,41.2,82.3,HIBRIDO_SOLAR_REDE
24,395,6.5,1.24,4.44,41.5,83.2,HIBRIDO_SOLAR_REDE
24,400,6.58,1.37,4.44,41.5,84.0,HIBRIDO_SOLAR_REDE
24,405,6.67,1.55,4.44,41.7,84.9,HIBRIDO_SOLAR_REDE
24,410,6.75,1.78,4.44,41.4,85.7,HIBRIDO_SOLAR_REDE
24,415,6.83,1.99,4.44,41.2,86.6,HIBRIDO_SOLAR_REDE
24,420,6.92,2.0,4.44,41.4,87.4,HIBRIDO_SOLAR_REDE
24,425,7.0,2.1,4.44,41.5,88.3,HIBRIDO_SOLAR_REDE
24,430,7.08,2.14,4.44,41.3,89.1,HIBRIDO_SOLAR_REDE
24,435,7.17,2.75,4.44,41.5,90.0,HIBRIDO_SOLAR_REDE
24,440,7.25,2.58,4.44,41.5,90.8,HIBRIDO_SOLAR_REDE
24,445,7.33,2.74,4.44,41.8,91.7,HIBRIDO_SOLAR_REDE
24,450,7.42,3.11,4.44,42.1,92.5,HIBRIDO_SOLAR_REDE
24,455,7.5,3.62,4.44,41.9,93.4,HIBRIDO_SOLAR_REDE
24,460,7.58,3.13,4.44,42.1,94.2,HIBRIDO_SOLAR_REDE
24,465,7.67,4.2,4.44,41.9,95.1,HIBRIDO_SOLAR_REDE
24,470,7.75,3.45,4.44,42.1,95.9,HIBRIDO_SOLAR_REDE
24,475,7.83,3.63,4.44,42.3,96.8,HIBRIDO_SOLAR_REDE
24,480,7.92,4.14,4.44,42.0,97.6,HIBRIDO_SOLAR_REDE
24,485,8.0,4.54,4.44,42.0,98.5,HIBRIDO_SOLAR_REDE
24,490,8.08,4.66,4.44,41.7,99.3,HIBRIDO_SOLAR_REDE
24,495,8.17,4.4,4.44,42.0,100.0,HIBRIDO_SOLAR_REDE
25,5,11.0,8.41,7.4,28.1,37.9,SOLAR_TOTAL
25,10,11.08,9.37,7.4,29.2,39.8,SOLAR_TOTAL
25,15,11.17,7.67,7.4,30.6,41.7,SOLAR_TOTAL
25,20,11.25,9.77,7.4,31.8,43.5,SOLAR_TOTAL
25,25,11.33,8.08,7.4,32.8,45.4,SOLAR_TOTAL
25,30,11.42,8.14,7.4,34.0,47.3,SOLAR_TOTAL
25,35,11.5,7.45,7.4,35.2,49.2,SOLAR_TOTAL
25,40,11.58,9.6,7.4,35.8,51.1,SOLAR_TOTAL
25,45,11.67,7.82,7.4,36.4,53.0,SOLAR_TOTAL
25,50,11.75,8.62,7.4,37.3,54.8,SOLAR_TOTAL
25,55,11.83,9.59,7.4,37.7,56.7,SOLAR_TOTAL
25,60,11.92,8.41,7.4,38.1,58.6,SOLAR_TOTAL
25,65,12.0,8.31,7.4,38.4,60.5,SOLAR_TOTAL
25,70,12.08,9.78,7.4,38.7,62.4,SOLAR_TOTAL
25,75,12.17,8.25,7.4,39.4,64.3,SOLAR_TOTAL
25,80,12.25,9.5,7.4,39.7,66.2,SOLAR_TOTAL
25,85,12.33,8.0,7.4,39.9,68.0,SOLAR_TOTAL
25,90,12.42,8.8,7.4,40.2,69.9,SOLAR_TOTAL
25,95,12.5,8.76,7.4,40.5,71.8,SOLAR_TOTAL
25,100,12.58,8.17,7.4,40.6,73.7,SOLAR_TOTAL
25,105,12.67,7.45,7.4,41.3,75.6,SOLAR_TOTAL
25,110,12.75,8.01,7.4,41.7,77.5,SOLAR_TOTAL
25,115,12.83,7.46,7.4,42.1,79.4,SOLAR_TOTAL
25,120,12.92,7.77,7.4,42.0,81.2,SOLAR_TOTAL
25,125,13.0,8.95,4.44,41.8,82.4,SOLAR_TOTAL
25,130,13.08,8.64,4.44,41.4,83.5,SOLAR_TOTAL
25,135,13.17,9.53,4.44,41.1,84.6,SOLAR_TOTAL
25,140,13.25,7.42,4.44,40.7,85.8,SOLAR_TOTAL
25,145,13.33,9.02,4.44,40.7,86.9,SOLAR_TOTAL
25,150,13.42,7.31,4.44,40.5,88.0,HIBRIDO_SOLAR_REDE
25,155,13.5,7.96,4.44,40.1,89.2,SOLAR_TOTAL
25,160,13.58,8.94,4.44,40.1,90.0,SOLAR_TOTAL
26,5,2.0,0.0,3.7,22.8,39.7,REDE_POTENCIA_REDUZIDA
26,10,2.08,0.0,3.7,23.4,40.4,REDE_POTENCIA_REDUZIDA
26,15,2.17,0.0,3.7,23.8,41.1,REDE_POTENCIA_REDUZIDA
26,20,2.25,0.0,3.7,24.7,41.8,REDE_POTENCIA_REDUZIDA
26,25,2.33,0.0,3.7,25.1,42.5,REDE_POTENCIA_REDUZIDA
26,30,2.42,0.0,3.7,25.5,43.3,REDE_POTENCIA_REDUZIDA
26,35,2.5,0.0,3.7,26.0,44.0,REDE_POTENCIA_REDUZIDA
26,40,2.58,0.0,3.7,26.3,44.7,REDE_POTENCIA_REDUZIDA
26,45,2.67,0.0,3.7,26.7,45.4,REDE_POTENCIA_REDUZIDA
26,50,2.75,0.0,3.7,27.2,46.1,REDE_POTENCIA_REDUZIDA
26,55,2.83,0.0,3.7,27.5,46.8,REDE_POTENCIA_REDUZIDA
26,60,2.92,0.0,3.7,27.9,47.5,REDE_POTENCIA_REDUZIDA
26,65,3.0,0.0,3.7,28.1,48.2,REDE_POTENCIA_REDUZIDA
26,70,3.08,0.0,3.7,28.5,48.9,REDE_POTENCIA_REDUZIDA
26,75,3.17,0.0,3.7,28.6,49.6,REDE_POTENCIA_REDUZIDA
26,80,3.25,0.0,3.7,29.1,50.3,REDE_POTENCIA_REDUZIDA
26,85,3.33,0.0,3.7,29.3,51.1,REDE_POTENCIA_REDUZIDA
26,90,3.42,0.0,3.7,29.2,51.8,REDE_POTENCIA_REDUZIDA
26,95,3.5,0.0,3.7,29.6,52.5,REDE_POTENCIA_REDUZIDA
26,100,3.58,0.0,3.7,30.1,53.2,REDE_POTENCIA_REDUZIDA
26,105,3.67,0.0,3.7,30.3,53.9,REDE_POTENCIA_REDUZIDA
26,110,3.75,0.0,3.7,30.3,54.6,REDE_POTENCIA_REDUZIDA
26,115,3.83,0.0,3.7,30.4,55.3,REDE_POTENCIA_REDUZIDA
26,120,3.92,0.0,3.7,30.7,56.0,REDE_POTENCIA_REDUZIDA
26,125,4.0,0.0,3.7,31.0,56.7,REDE_POTENCIA_REDUZIDA
26,130,4.08,0.0,3.7,31.3,57.4,REDE_POTENCIA_REDUZIDA
26,135,4.17,0.0,3.7,31.3,58.1,REDE_POTENCIA_REDUZIDA
26,140,4.25,0.0,3.7,31.6,58.9,REDE_POTENCIA_REDUZIDA
26,145,4.33,0.0,3.7,31.6,59.6,REDE_POTENCIA_REDUZIDA
26,150,4.42,0.0,3.7,31.9,60.3,REDE_POTENCIA_REDUZIDA
26,155,4.5,0.0,3.7,31.5,61.0,REDE_POTENCIA_REDUZIDA
26,160,4.58,0.0,3.7,31.3,61.7,REDE_POTENCIA_REDUZIDA
26,165,4.67,0.0,3.7,31.1,62.4,REDE_POTENCIA_REDUZIDA
26,170,4.75,0.0,3.7,30.9,63.1,REDE_POTENCIA_REDUZIDA
26,175,4.83,0.0,3.7,31.1,63.8,REDE_POTENCIA_REDUZIDA
26,180,4.92,0.0,3.7,31.3,64.5,REDE_POTENCIA_REDUZIDA
26,185,5.0,0.0,3.7,31.3,65.2,REDE_POTENCIA_REDUZIDA
26,190,5.08,0.0,3.7,31.0,65.9,REDE_POTENCIA_REDUZIDA
26,195,5.17,0.0,3.7,31.2,66.7,REDE_POTENCIA_REDUZIDA
26,200,5.25,0.0,3.7,31.5,67.4,REDE_POTENCIA_REDUZIDA
26,205,5.33,0.0,3.7,31.6,68.1,REDE_POTENCIA_REDUZIDA
26,210,5.42,0.0,3.7,31.6,68.8,REDE_POTENCIA_REDUZIDA
26,215,5.5,0.0,3.7,31.7,69.5,REDE_POTENCIA_REDUZIDA
26,220,5.58,0.0,3.7,31.5,70.2,REDE_POTENCIA_REDUZIDA
26,225,5.67,0.0,3.7,31.7,70.9,REDE_POTENCIA_REDUZIDA
26,230,5.75,0.0,3.7,31.7,71.6,REDE_POTENCIA_REDUZIDA
26,235,5.83,0.0,3.7,31.7,72.3,REDE_POTENCIA_REDUZIDA
26,240,5.92,0.0,3.7,31.7,73.0,REDE_POTENCIA_REDUZIDA
26,245,6.0,0.0,3.7,31.9,73.7,REDE_POTENCIA_REDUZIDA
26,250,6.08,0.2,3.7,31.7,74.5,REDE_POTENCIA_REDUZIDA
26,255,6.17,0.37,3.7,31.8,75.2,REDE_POTENCIA_REDUZIDA
26,260,6.25,0.56,7.4,32.4,76.6,HIBRIDO_SOLAR_REDE
26,265,6.33,0.67,7.4,33.1,78.0,HIBRIDO_SOLAR_REDE
26,270,6.42,0.91,7.4,33.9,79.4,HIBRIDO_SOLAR_REDE
26,275,6.5,1.15,7.4,34.5,80.8,HIBRIDO_SOLAR_REDE
26,280,6.58,1.45,4.44,34.1,81.7,HIBRIDO_SOLAR_REDE
26,285,6.67,1.61,4.44,33.8,82.5,HIBRIDO_SOLAR_REDE
26,290,6.75,1.69,4.44,33.8,83.4,HIBRIDO_SOLAR_REDE
26,295,6.83,1.75,4.44,33.7,84.2,HIBRIDO_SOLAR_REDE
26,300,6.92,1.92,4.44,33.7,85.1,HIBRIDO_SOLAR_REDE
26,305,7.0,2.56,4.44,33.9,85.9,HIBRIDO_SOLAR_REDE
26,310,7.08,2.12,4.44,33.7,86.8,HIBRIDO_SOLAR_REDE
26,315,7.17,2.82,4.44,33.5,87.6,HIBRIDO_SOLAR_REDE
26,320,7.25,3.14,4.44,33.7,88.5,HIBRIDO_SOLAR_REDE
26,325,7.33,2.9,4.44,33.8,89.4,HIBRIDO_SOLAR_REDE
26,330,7.42,2.94,4.44,34.0,90.2,HIBRIDO_SOLAR_REDE
26,335,7.5,3.12,4.44,33.8,91.1,HIBRIDO_SOLAR_REDE
26,340,7.58,3.87,4.44,34.0,91.9,HIBRIDO_SOLAR_REDE
26,345,7.67,4.12,4.44,33.7,92.8,HIBRIDO_SOLAR_REDE
26,350,7.75,3.9,4.44,33.8,93.6,HIBRIDO_SOLAR_REDE
26,355,7.83,4.54,4.44,33.6,94.5,HIBRIDO_SOLAR_REDE
26,360,7.92,4.14,4.44,33.5,95.3,HIBRIDO_SOLAR_REDE
26,365,8.0,3.9,4.44,33.3,96.2,HIBRIDO_SOLAR_REDE
26,370,8.08,4.83,4.44,33.3,97.0,HIBRIDO_SOLAR_REDE
26,375,8.17,4.15,4.44,33.2,97.9,HIBRIDO_SOLAR_REDE
26,380,8.25,5.42,4.44,33.3,98.7,HIBRIDO_SOLAR_REDE
26,385,8.33,5.33,4.44,33.4,99.6,HIBRIDO_SOLAR_REDE
26,390,8.42,4.64,4.44,33.2,100.0,HIBRIDO_SOLAR_REDE
27,5,7.0,2.35,7.4,25.0,7.9,HIBRIDO_SOLAR_REDE
27,10,7.08,2.15,7.4,26.3,9.8,HIBRIDO_SOLAR_REDE
27,15,7.17,2.99,7.4,27.4,11.7,HIBRIDO_SOLAR_REDE
27,20,7.25,3.11,7.4,28.6,13.5,HIBRIDO_SOLAR_REDE
27,25,7.33,2.93,7.4,29.9,15.4,HIBRIDO_SOLAR_REDE
27,30,7.42,2.97,7.4,31.0,17.3,HIBRIDO_SOLAR_REDE
27,35,7.5,3.75,7.4,32.2,19.2,HIBRIDO_SOLAR_REDE
27,40,7.58,3.04,7.4,33.1,21.1,HIBRIDO_SOLAR_REDE
27,45,7.67,3.26,7.4,34.1,23.0,HIBRIDO_SOLAR_REDE
27,50,7.75,3.77,7.4,34.9,24.8,HIBRIDO_SOLAR_REDE
27,55,7.83,4.58,7.4,35.4,26.7,HIBRIDO_SOLAR_REDE
27,60,7.92,3.66,7.4,36.3,28.6,HIBRIDO_SOLAR_REDE
27,65,8.0,4.71,7.4,36.9,30.5,HIBRIDO_SOLAR_REDE
27,70,8.08,4.62,7.4,37.3,32.4,HIBRIDO_SOLAR_REDE
27,75,8.17,4.81,7.4,37.4,34.3,HIBRIDO_SOLAR_REDE
27,80,8.25,5.48,7.4,37.9,36.2,HIBRIDO_SOLAR_REDE
27,85,8.33,4.99,7.4,38.3,38.0,HIBRIDO_SOLAR_REDE
27,90,8.42,5.04,7.4,38.7,39.9,HIBRIDO_SOLAR_REDE
27,95,8.5,5.95,7.4,39.2,41.8,HIBRIDO_SOLAR_REDE
27,100,8.58,5.32,7.4,39.6,43.7,HIBRIDO_SOLAR_REDE
27,105,8.67,5.98,7.4,40.1,45.6,HIBRIDO_SOLAR_REDE
27,110,8.75,5.92,7.4,40.1,47.5,HIBRIDO_SOLAR_REDE
27,115,8.83,5.29,7.4,40.0,49.4,HIBRIDO_SOLAR_REDE
27,120,8.92,5.61,7.4,40.4,51.2,HIBRIDO_SOLAR_REDE
27,125,9.0,5.89,7.4,40.6,53.1,HIBRIDO_SOLAR_REDE
27,130,9.08,6.98,7.4,41.0,55.0,HIBRIDO_SOLAR_REDE
27,135,9.17,5.83,7.4,41.0,56.9,HIBRIDO_SOLAR_REDE
27,140,9.25,6.33,7.4,41.2,58.8,HIBRIDO_SOLAR_REDE
27,145,9.33,6.97,7.4,41.0,60.7,HIBRIDO_SOLAR_REDE
27,150,9.42,7.13,7.4,41.4,62.5,HIBRIDO_SOLAR_REDE
27,155,9.5,6.49,7.4,41.2,64.4,HIBRIDO_SOLAR_REDE
27,160,9.58,6.16,7.4,41.0,66.3,HIBRIDO_SOLAR_REDE
27,165,9.67,7.78,7.4,41.0,68.2,SOLAR_TOTAL
27,170,9.75,6.46,7.4,41.3,70.1,HIBRIDO_SOLAR_REDE
27,175,9.83,7.87,7.4,41.6,72.0,SOLAR_TOTAL
27,180,9.92,6.5,7.4,41.6,73.9,HIBRIDO_SOLAR_REDE
27,185,10.0,7.49,7.4,41.7,75.7,SOLAR_TOTAL
27,190,10.08,7.42,7.4,41.5,77.6,SOLAR_TOTAL
27,195,10.17,6.67,7.4,41.4,79.5,HIBRIDO_SOLAR_REDE
27,200,10.25,8.85,7.4,41.5,80.0,SOLAR_TOTAL
28,5,3.0,0.0,3.7,31.5,5.6,REDE_POTENCIA_REDUZIDA
28,10,3.08,0.0,3.7,32.1,6.3,REDE_POTENCIA_REDUZIDA
28,15,3.17,0.0,3.7,32.6,6.9,REDE_POTENCIA_REDUZIDA
28,20,3.25,0.0,3.7,33.1,7.5,REDE_POTENCIA_REDUZIDA
28,25,3.33,0.0,3.7,33.4,8.2,REDE_POTENCIA_REDUZIDA
28,30,3.42,0.0,3.7,33.7,8.8,REDE_POTENCIA_REDUZIDA
28,35,3.5,0.0,3.7,34.1,9.4,REDE_POTENCIA_REDUZIDA
28,40,3.58,0.0,3.7,34.4,10.1,REDE_POTENCIA_REDUZIDA
28,45,3.67,0.0,3.7,35.0,10.7,REDE_POTENCIA_REDUZIDA
28,50,3.75,0.0,3.7,35.7,11.3,REDE_POTENCIA_REDUZIDA
28,55,3.83,0.0,3.7,36.1,11.9,REDE_POTENCIA_REDUZIDA
28,60,3.92,0.0,3.7,36.2,12.6,REDE_POTENCIA_REDUZIDA
28,65,4.0,0.0,3.7,36.5,13.2,REDE_POTENCIA_REDUZIDA
28,70,4.08,0.0,3.7,37.1,13.8,REDE_POTENCIA_REDUZIDA
28,75,4.17,0.0,3.7,37.1,14.5,REDE_POTENCIA_REDUZIDA
28,80,4.25,0.0,3.7,37.5,15.1,REDE_POTENCIA_REDUZIDA
28,85,4.33,0.0,3.7,38.0,15.7,REDE_POTENCIA_REDUZIDA
28,90,4.42,0.0,3.7,38.0,16.4,REDE_POTENCIA_REDUZIDA
28,95,4.5,0.0,3.7,38.4,17.0,REDE_POTENCIA_REDUZIDA
28,100,4.58,0.0,3.7,38.4,17.6,REDE_POTENCIA_REDUZIDA
28,105,4.67,0.0,3.7,38.3,18.3,REDE_POTENCIA_REDUZIDA
28,110,4.75,0.0,3.7,38.4,18.9,REDE_POTENCIA_REDUZIDA
28,115,4.83,0.0,3.7,38.7,19.5,REDE_POTENCIA_REDUZIDA
28,120,4.92,0.0,3.7,38.8,20.2,REDE_POTENCIA_REDUZIDA
28,125,5.0,0.0,3.7,38.8,20.8,REDE_POTENCIA_REDUZIDA
28,130,5.08,0.0,3.7,39.1,21.4,REDE_POTENCIA_REDUZIDA
28,135,5.17,0.0,3.7,39.3,22.1,REDE_POTENCIA_REDUZIDA
28,140,5.25,0.0,3.7,39.6,22.7,REDE_POTENCIA_REDUZIDA
28,145,5.33,0.0,3.7,39.4,23.3,REDE_POTENCIA_REDUZIDA
28,150,5.42,0.0,3.7,39.1,24.0,REDE_POTENCIA_REDUZIDA
28,155,5.5,0.0,3.7,39.5,24.6,REDE_POTENCIA_REDUZIDA
28,160,5.58,0.0,3.7,39.3,25.2,REDE_POTENCIA_REDUZIDA
28,165,5.67,0.0,3.7,39.4,25.8,REDE_POTENCIA_REDUZIDA
28,170,5.75,0.0,3.7,39.3,26.5,REDE_POTENCIA_REDUZIDA
28,175,5.83,0.0,3.7,39.3,27.1,REDE_POTENCIA_REDUZIDA
28,180,5.92,0.0,3.7,39.4,27.7,REDE_POTENCIA_REDUZIDA
28,185,6.0,0.0,3.7,39.7,28.4,REDE_POTENCIA_REDUZIDA
28,190,6.08,0.22,3.7,40.0,29.0,REDE_POTENCIA_REDUZIDA
28,195,6.17,0.36,3.7,40.2,29.6,REDE_POTENCIA_REDUZIDA
28,200,6.25,0.63,7.4,41.2,30.9,HIBRIDO_SOLAR_REDE
28,205,6.33,0.73,7.4,41.7,32.2,HIBRIDO_SOLAR_REDE
28,210,6.42,1.08,7.4,42.2,33.4,HIBRIDO_SOLAR_REDE
28,215,6.5,1.18,7.4,42.8,34.7,HIBRIDO_SOLAR_REDE
28,220,6.58,1.25,7.4,43.3,36.0,HIBRIDO_SOLAR_REDE
28,225,6.67,1.48,7.4,43.7,37.2,HIBRIDO_SOLAR_REDE
28,230,6.75,1.87,7.4,44.2,38.5,HIBRIDO_SOLAR_REDE
28,235,6.83,1.65,7.4,44.4,39.7,HIBRIDO_SOLAR_REDE
28,240,6.92,1.8,7.4,44.8,41.0,HIBRIDO_SOLAR_REDE
28,245,7.0,1.99,7.4,45.0,42.3,HIBRIDO_SOLAR_REDE
28,250,7.08,2.11,3.7,44.8,42.9,REDUCAO_TERMICA
28,255,7.17,2.9,3.7,44.2,43.5,REDUCAO_TERMICA
28,260,7.25,2.58,3.7,44.0,44.2,REDUCAO_TERMICA
28,265,7.33,2.75,3.7,43.7,44.8,REDUCAO_TERMICA
28,270,7.42,3.49,3.7,43.2,45.4,REDUCAO_TERMICA
28,275,7.5,2.99,3.7,42.7,46.1,REDUCAO_TERMICA
28,280,7.58,3.44,3.7,42.4,46.7,REDUCAO_TERMICA
28,285,7.67,3.4,3.7,42.0,47.3,REDUCAO_TERMICA
28,290,7.75,3.79,3.7,42.0,48.0,REDUCAO_TERMICA
28,295,7.83,3.78,3.7,42.0,48.6,REDUCAO_TERMICA
28,300,7.92,4.69,3.7,42.1,49.2,REDUCAO_TERMICA
28,305,8.0,3.82,3.7,42.2,49.9,REDUCAO_TERMICA
28,310,8.08,4.92,3.7,41.8,50.5,REDUCAO_TERMICA
28,315,8.17,4.62,3.7,41.6,51.1,REDUCAO_TERMICA
28,320,8.25,5.13,3.7,41.3,51.8,REDUCAO_TERMICA
28,325,8.33,5.05,3.7,41.3,52.4,REDUCAO_TERMICA
28,330,8.42,5.8,3.7,41.3,53.0,REDUCAO_TERMICA
28,335,8.5,5.7,3.7,41.1,53.6,REDUCAO_TERMICA
28,340,8.58,5.53,3.7,40.9,54.3,REDUCAO_TERMICA
28,345,8.67,6.16,7.4,41.7,55.5,HIBRIDO_SOLAR_REDE
28,350,8.75,5.1,7.4,42.0,56.8,HIBRIDO_SOLAR_REDE
28,355,8.83,5.71,7.4,42.8,58.1,HIBRIDO_SOLAR_REDE
28,360,8.92,6.72,7.4,43.2,59.3,HIBRIDO_SOLAR_REDE
28,365,9.0,6.47,7.4,43.7,60.6,HIBRIDO_SOLAR_REDE
28,370,9.08,6.35,7.4,44.4,61.9,HIBRIDO_SOLAR_REDE
28,375,9.17,5.99,7.4,44.9,63.1,HIBRIDO_SOLAR_REDE
28,380,9.25,6.82,7.4,45.3,64.4,HIBRIDO_SOLAR_REDE
28,385,9.33,7.37,3.7,44.9,65.0,REDUCAO_TERMICA
28,390,9.42,7.11,3.7,44.4,65.7,REDUCAO_TERMICA
28,395,9.5,6.38,3.7,43.8,66.3,REDUCAO_TERMICA
28,400,9.58,6.22,3.7,43.7,66.9,REDUCAO_TERMICA
28,405,9.67,6.99,3.7,43.1,67.5,REDUCAO_TERMICA
28,410,9.75,7.78,3.7,42.9,68.2,REDUCAO_TERMICA
28,415,9.83,6.71,3.7,42.8,68.8,REDUCAO_TERMICA
28,420,9.92,8.0,3.7,42.6,69.4,REDUCAO_TERMICA
28,425,10.0,8.42,3.7,42.4,70.1,REDUCAO_TERMICA
28,430,10.08,7.04,3.7,42.1,70.7,REDUCAO_TERMICA
28,435,10.17,7.45,3.7,41.9,71.3,REDUCAO_TERMICA
28,440,10.25,8.57,3.7,41.9,72.0,REDUCAO_TERMICA
28,445,10.33,7.38,3.7,41.6,72.6,REDUCAO_TERMICA
28,450,10.42,8.37,3.7,41.5,73.2,REDUCAO_TERMICA
28,455,10.5,7.72,3.7,41.2,73.9,REDUCAO_TERMICA
28,460,10.58,8.65,3.7,40.9,74.5,REDUCAO_TERMICA
28,465,10.67,8.74,7.4,41.8,75.8,SOLAR_TOTAL
28,470,10.75,7.92,7.4,42.5,77.0,SOLAR_TOTAL
28,475,10.83,8.75,7.4,43.2,78.3,SOLAR_TOTAL
28,480,10.92,7.22,7.4,43.6,79.5,HIBRIDO_SOLAR_REDE
28,485,11.0,9.44,7.4,44.1,80.0,SOLAR_TOTAL
29,5,12.0,8.13,7.4,31.2,38.9,SOLAR_TOTAL
29,10,12.08,7.9,7.4,32.6,39.7,SOLAR_TOTAL
29,15,12.17,9.34,7.4,33.7,40.6,SOLAR_TOTAL
29,20,12.25,8.65,7.4,35.0,41.5,SOLAR_TOTAL
29,25,12.33,7.79,7.4,36.1,42.4,SOLAR_TOTAL
29,30,12.42,8.36,7.4,36.9,43.2,SOLAR_TOTAL
29,35,12.5,8.62,7.4,37.9,44.1,SOLAR_TOTAL
29,40,12.58,8.67,7.4,38.8,45.0,SOLAR_TOTAL
29,45,12.67,8.35,7.4,39.7,45.9,SOLAR_TOTAL
29,50,12.75,8.16,7.4,40.2,46.7,SOLAR_TOTAL
29,55,12.83,7.51,7.4,40.7,47.6,SOLAR_TOTAL
29,60,12.92,7.42,7.4,41.1,48.5,SOLAR_TOTAL
29,65,13.0,7.31,7.4,41.8,49.3,HIBRIDO_SOLAR_REDE
29,70,13.08,8.79,7.4,42.4,50.2,SOLAR_TOTAL
29,75,13.17,8.95,7.4,42.8,51.1,SOLAR_TOTAL
29,80,13.25,7.86,7.4,43.1,52.0,SOLAR_TOTAL
29,85,13.33,9.0,7.4,43.4,52.8,SOLAR_TOTAL
29,90,13.42,7.85,7.4,43.6,53.7,SOLAR_TOTAL
29,95,13.5,7.63,7.4,44.2,54.6,SOLAR_TOTAL
29,100,13.58,6.94,7.4,44.5,55.5,HIBRIDO_SOLAR_REDE
29,105,13.67,8.24,7.4,45.0,56.3,SOLAR_TOTAL
29,110,13.75,8.88,3.7,44.5,56.8,REDUCAO_TERMICA
29,115,13.83,6.8,3.7,44.3,57.2,REDUCAO_TERMICA
29,120,13.92,7.5,3.7,43.8,57.6,REDUCAO_TERMICA
29,125,14.0,6.74,3.7,43.1,58.1,REDUCAO_TERMICA
29,130,14.08,6.92,3.7,42.8,58.5,REDUCAO_TERMICA
29,135,14.17,7.68,3.7,42.3,58.9,REDUCAO_TERMICA
29,140,14.25,7.84,3.7,41.8,59.4,REDUCAO_TERMICA
29,145,14.33,6.33,3.7,41.4,59.8,REDUCAO_TERMICA
29,150,14.42,7.94,3.7,41.3,60.3,REDUCAO_TERMICA
29,155,14.5,7.17,3.7,41.1,60.7,REDUCAO_TERMICA
29,160,14.58,6.35,3.7,40.8,61.1,REDUCAO_TERMICA
29,165,14.67,7.51,7.4,41.3,62.0,SOLAR_TOTAL
29,170,14.75,7.12,7.4,41.8,62.9,HIBRIDO_SOLAR_REDE
29,175,14.83,5.76,7.4,42.3,63.7,HIBRIDO_SOLAR_REDE
29,180,14.92,6.28,7.4,42.8,64.6,HIBRIDO_SOLAR_REDE
29,185,15.0,6.7,7.4,43.4,65.5,HIBRIDO_SOLAR_REDE
29,190,15.08,6.33,7.4,43.6,66.4,HIBRIDO_SOLAR_REDE
29,195,15.17,6.35,7.4,44.2,67.2,HIBRIDO_SOLAR_REDE
29,200,15.25,5.71,7.4,44.3,68.1,HIBRIDO_SOLAR_REDE
29,205,15.33,6.35,7.4,44.7,69.0,HIBRIDO_SOLAR_REDE
29,210,15.42,5.9,7.4,45.1,69.9,HIBRIDO_SOLAR_REDE
29,215,15.5,5.37,3.7,44.3,70.3,REDUCAO_TERMICA
29,220,15.58,5.32,3.7,43.8,70.7,REDUCAO_TERMICA
29,225,15.67,4.95,3.7,43.3,71.2,REDUCAO_TERMICA
29,230,15.75,4.45,3.7,42.6,71.6,REDUCAO_TERMICA
29,235,15.83,4.92,3.7,42.5,72.0,REDUCAO_TERMICA
29,240,15.92,4.71,3.7,42.0,72.5,REDUCAO_TERMICA
29,245,16.0,3.99,3.7,41.6,72.9,REDUCAO_TERMICA
29,250,16.08,4.35,3.7,41.4,73.3,REDUCAO_TERMICA
29,255,16.17,3.5,3.7,41.1,73.8,REDUCAO_TERMICA
29,260,16.25,3.92,3.7,40.6,74.2,REDUCAO_TERMICA
29,265,16.33,4.05,7.4,41.4,75.1,HIBRIDO_SOLAR_REDE
29,270,16.42,3.41,7.4,42.1,76.0,HIBRIDO_SOLAR_REDE
29,275,16.5,3.03,7.4,42.4,76.8,HIBRIDO_SOLAR_REDE
29,280,16.58,2.86,7.4,42.8,77.7,HIBRIDO_SOLAR_REDE
29,285,16.67,2.71,7.4,43.2,78.6,HIBRIDO_SOLAR_REDE
29,290,16.75,2.57,7.4,43.3,79.5,HIBRIDO_SOLAR_REDE
29,295,16.83,3.0,7.4,44.0,80.3,HIBRIDO_SOLAR_REDE
29,300,16.92,2.77,4.44,43.6,80.9,HIBRIDO_SOLAR_REDE
29,305,17.0,2.15,4.44,43.1,81.4,HIBRIDO_SOLAR_REDE
29,310,17.08,2.09,4.44,43.0,81.9,HIBRIDO_SOLAR_REDE
29,315,17.17,1.77,4.44,42.6,82.4,HIBRIDO_SOLAR_REDE
29,320,17.25,1.74,4.44,42.5,83.0,HIBRIDO_SOLAR_REDE
29,325,17.33,1.42,4.44,42.2,83.5,HIBRIDO_SOLAR_REDE
29,330,17.42,1.37,4.44,42.2,84.0,HIBRIDO_SOLAR_REDE
29,335,17.5,1.15,4.44,42.3,84.5,HIBRIDO_SOLAR_REDE
29,340,17.58,0.93,4.44,42.1,85.0,HIBRIDO_SOLAR_REDE
29,345,17.67,0.83,4.44,41.9,85.6,HIBRIDO_SOLAR_REDE
29,350,17.75,0.51,4.44,41.7,86.1,HIBRIDO_SOLAR_REDE
29,355,17.83,0.41,2.22,41.2,86.4,REDE_POTENCIA_REDUZIDA
29,360,17.92,0.2,2.22,40.5,86.6,REDE_POTENCIA_REDUZIDA
29,365,18.0,0.0,2.22,40.2,86.9,REDE_POTENCIA_REDUZIDA
29,370,18.08,0.0,2.22,39.7,87.1,REDE_POTENCIA_REDUZIDA
29,375,18.17,0.0,2.22,39.1,87.4,REDE_POTENCIA_REDUZIDA
29,380,18.25,0.0,2.22,38.7,87.7,REDE_POTENCIA_REDUZIDA
29,385,18.33,0.0,2.22,38.6,87.9,REDE_POTENCIA_REDUZIDA
29,390,18.42,0.0,2.22,38.4,88.2,REDE_POTENCIA_REDUZIDA
29,395,18.5,0.0,2.22,38.4,88.4,REDE_POTENCIA_REDUZIDA
29,400,18.58,0.0,2.22,38.4,88.7,REDE_POTENCIA_REDUZIDA
29,405,18.67,0.0,2.22,38.3,89.0,REDE_POTENCIA_REDUZIDA
29,410,18.75,0.0,2.22,38.2,89.2,REDE_POTENCIA_REDUZIDA
29,415,18.83,0.0,2.22,38.1,89.5,REDE_POTENCIA_REDUZIDA
29,420,18.92,0.0,2.22,37.9,89.8,REDE_POTENCIA_REDUZIDA
29,425,19.0,0.0,2.22,37.6,90.0,REDE_POTENCIA_REDUZIDA
30,5,3.0,0.0,3.7,27.0,47.7,REDE_POTENCIA_REDUZIDA
30,10,3.08,0.0,3.7,27.8,48.4,REDE_POTENCIA_REDUZIDA
30,15,3.17,0.0,3.7,28.5,49.1,REDE_POTENCIA_REDUZIDA
30,20,3.25,0.0,3.7,29.0,49.8,REDE_POTENCIA_REDUZIDA
30,25,3.33,0.0,3.7,29.6,50.5,REDE_POTENCIA_REDUZIDA
30,30,3.42,0.0,3.7,30.3,51.3,REDE_POTENCIA_REDUZIDA
30,35,3.5,0.0,3.7,30.9,52.0,REDE_POTENCIA_REDUZIDA
30,40,3.58,0.0,3.7,31.5,52.7,REDE_POTENCIA_REDUZIDA
30,45,3.67,0.0,3.7,31.8,53.4,REDE_POTENCIA_REDUZIDA
30,50,3.75,0.0,3.7,31.9,54.1,REDE_POTENCIA_REDUZIDA
30,55,3.83,0.0,3.7,32.2,54.8,REDE_POTENCIA_REDUZIDA
30,60,3.92,0.0,3.7,32.6,55.5,REDE_POTENCIA_REDUZIDA
30,65,4.0,0.0,3.7,32.8,56.2,REDE_POTENCIA_REDUZIDA
30,70,4.08,0.0,3.7,33.1,56.9,REDE_POTENCIA_REDUZIDA
30,75,4.17,0.0,3.7,33.5,57.6,REDE_POTENCIA_REDUZIDA
30,80,4.25,0.0,3.7,33.6,58.3,REDE_POTENCIA_REDUZIDA
30,85,4.33,0.0,3.7,33.9,59.1,REDE_POTENCIA_REDUZIDA
30,90,4.42,0.0,3.7,33.9,59.8,REDE_POTENCIA_REDUZIDA
30,95,4.5,0.0,3.7,34.2,60.5,REDE_POTENCIA_REDUZIDA
30,100,4.58,0.0,3.7,34.3,61.2,REDE_POTENCIA_REDUZIDA
30,105,4.67,0.0,3.7,34.4,61.9,REDE_POTENCIA_REDUZIDA
30,110,4.75,0.0,3.7,34.5,62.6,REDE_POTENCIA_REDUZIDA
30,115,4.83,0.0,3.7,34.4,63.3,REDE_POTENCIA_REDUZIDA
30,120,4.92,0.0,3.7,34.6,64.0,REDE_POTENCIA_REDUZIDA
30,125,5.0,0.0,3.7,34.5,64.7,REDE_POTENCIA_REDUZIDA
30,130,5.08,0.0,3.7,34.5,65.4,REDE_POTENCIA_REDUZIDA
30,135,5.17,0.0,3.7,34.6,66.1,REDE_POTENCIA_REDUZIDA
30,140,5.25,0.0,3.7,34.8,66.9,REDE_POTENCIA_REDUZIDA
30,145,5.33,0.0,3.7,35.1,67.6,REDE_POTENCIA_REDUZIDA
30,150,5.42,0.0,3.7,35.3,68.3,REDE_POTENCIA_REDUZIDA
30,155,5.5,0.0,3.7,35.5,69.0,REDE_POTENCIA_REDUZIDA
30,160,5.58,0.0,3.7,35.8,69.7,REDE_POTENCIA_REDUZIDA
30,165,5.67,0.0,3.7,35.7,70.4,REDE_POTENCIA_REDUZIDA
30,170,5.75,0.0,3.7,35.9,71.1,REDE_POTENCIA_REDUZIDA
30,175,5.83,0.0,3.7,35.9,71.8,REDE_POTENCIA_REDUZIDA
30,180,5.92,0.0,3.7,36.0,72.5,REDE_POTENCIA_REDUZIDA
30,185,6.0,0.0,3.7,36.1,73.2,REDE_POTENCIA_REDUZIDA
30,190,6.08,0.18,3.7,36.1,73.9,REDE_POTENCIA_REDUZIDA
30,195,6.17,0.41,3.7,35.8,74.7,REDE_POTENCIA_REDUZIDA
30,200,6.25,0.6,7.4,36.3,76.1,HIBRIDO_SOLAR_REDE
30,205,6.33,0.68,7.4,36.9,77.5,HIBRIDO_SOLAR_REDE
30,210,6.42,0.82,7.4,37.3,78.9,HIBRIDO_SOLAR_REDE
30,215,6.5,1.19,7.4,37.7,80.0,HIBRIDO_SOLAR_REDE
31,5,15.0,6.5,7.4,26.1,11.4,HIBRIDO_SOLAR_REDE
31,10,15.08,5.61,7.4,27.5,12.8,HIBRIDO_SOLAR_REDE
31,15,15.17,6.56,7.4,29.0,14.3,HIBRIDO_SOLAR_REDE
31,20,15.25,6.18,7.4,30.3,15.7,HIBRIDO_SOLAR_REDE
31,25,15.33,5.71,7.4,31.1,17.1,HIBRIDO_SOLAR_REDE
31,30,15.42,5.23,7.4,32.2,18.5,HIBRIDO_SOLAR_REDE
31,35,15.5,5.09,7.4,33.0,19.9,HIBRIDO_SOLAR_REDE
31,40,15.58,5.46,7.4,34.0,21.3,HIBRIDO_SOLAR_REDE
31,45,15.67,4.34,7.4,34.8,22.8,HIBRIDO_SOLAR_REDE
31,50,15.75,5.2,7.4,35.4,24.2,HIBRIDO_SOLAR_REDE
31,55,15.83,4.48,7.4,36.0,25.6,HIBRIDO_SOLAR_REDE
31,60,15.92,3.99,7.4,36.4,27.0,HIBRIDO_SOLAR_REDE
31,65,16.0,4.16,7.4,36.9,28.4,HIBRIDO_SOLAR_REDE
31,70,16.08,4.2,7.4,37.2,29.9,HIBRIDO_SOLAR_REDE
31,75,16.17,4.39,7.4,37.5,31.3,HIBRIDO_SOLAR_REDE
31,80,16.25,4.02,7.4,38.1,32.7,HIBRIDO_SOLAR_REDE
31,85,16.33,3.21,7.4,38.8,34.1,HIBRIDO_SOLAR_REDE
31,90,16.42,3.88,7.4,38.9,35.5,HIBRIDO_SOLAR_REDE
31,95,16.5,3.17,7.4,39.3,36.9,HIBRIDO_SOLAR_REDE
31,100,16.58,3.16,7.4,39.5,38.4,HIBRIDO_SOLAR_REDE
31,105,16.67,3.41,7.4,40.1,39.8,HIBRIDO_SOLAR_REDE
31,110,16.75,2.65,7.4,40.5,41.2,HIBRIDO_SOLAR_REDE
31,115,16.83,2.78,7.4,40.7,42.6,HIBRIDO_SOLAR_REDE
31,120,16.92,2.16,7.4,41.0,44.0,HIBRIDO_SOLAR_REDE
31,125,17.0,2.19,7.4,41.2,45.5,HIBRIDO_SOLAR_REDE
31,130,17.08,1.83,7.4,41.1,46.9,HIBRIDO_SOLAR_REDE
31,135,17.17,1.96,7.4,41.5,48.3,HIBRIDO_SOLAR_REDE
31,140,17.25,1.57,7.4,41.6,49.7,HIBRIDO_SOLAR_REDE
31,145,17.33,1.6,7.4,41.8,51.1,HIBRIDO_SOLAR_REDE
31,150,17.42,1.35,7.4,41.9,52.6,HIBRIDO_SOLAR_REDE
31,155,17.5,1.13,7.4,41.7,54.0,HIBRIDO_SOLAR_REDE
31,160,17.58,1.04,7.4,41.9,55.4,HIBRIDO_SOLAR_REDE
31,165,17.67,0.86,7.4,41.8,56.8,HIBRIDO_SOLAR_REDE
31,170,17.75,0.6,7.4,41.8,58.2,HIBRIDO_SOLAR_REDE
31,175,17.83,0.33,3.7,41.0,58.9,REDE_POTENCIA_REDUZIDA
31,180,17.92,0.19,3.7,40.5,59.6,REDE_POTENCIA_REDUZIDA
31,185,18.0,0.0,3.7,40.0,60.4,REDE_POTENCIA_REDUZIDA
31,190,18.08,0.0,3.7,39.6,61.1,REDE_POTENCIA_REDUZIDA
31,195,18.17,0.0,3.7,39.1,61.8,REDE_POTENCIA_REDUZIDA
31,200,18.25,0.0,3.7,38.9,62.5,REDE_POTENCIA_REDUZIDA
31,205,18.33,0.0,3.7,38.7,63.2,REDE_POTENCIA_REDUZIDA
31,210,18.42,0.0,3.7,38.3,63.9,REDE_POTENCIA_REDUZIDA
31,215,18.5,0.0,3.7,37.8,64.6,REDE_POTENCIA_REDUZIDA
31,220,18.58,0.0,3.7,37.4,65.3,REDE_POTENCIA_REDUZIDA
31,225,18.67,0.0,3.7,37.1,66.0,REDE_POTENCIA_REDUZIDA
31,230,18.75,0.0,3.7,37.1,66.7,REDE_POTENCIA_REDUZIDA
31,235,18.83,0.0,3.7,37.0,67.4,REDE_POTENCIA_REDUZIDA
31,240,18.92,0.0,3.7,36.8,68.2,REDE_POTENCIA_REDUZIDA
31,245,19.0,0.0,3.7,36.6,68.9,REDE_POTENCIA_REDUZIDA
31,250,19.08,0.0,3.7,36.2,69.6,REDE_POTENCIA_REDUZIDA
31,255,19.17,0.0,3.7,35.8,70.3,REDE_POTENCIA_REDUZIDA
31,260,19.25,0.0,3.7,35.6,71.0,REDE_POTENCIA_REDUZIDA
31,265,19.33,0.0,3.7,35.3,71.7,REDE_POTENCIA_REDUZIDA
31,270,19.42,0.0,3.7,34.9,72.4,REDE_POTENCIA_REDUZIDA
31,275,19.5,0.0,3.7,34.9,73.1,REDE_POTENCIA_REDUZIDA
31,280,19.58,0.0,3.7,34.9,73.8,REDE_POTENCIA_REDUZIDA
31,285,19.67,0.0,3.7,34.7,74.5,REDE_POTENCIA_REDUZIDA
31,290,19.75,0.0,3.7,34.9,75.2,REDE_POTENCIA_REDUZIDA
31,295,19.83,0.0,3.7,34.7,76.0,REDE_POTENCIA_REDUZIDA
31,300,19.92,0.0,3.7,34.9,76.7,REDE_POTENCIA_REDUZIDA
31,305,20.0,0.0,3.7,34.7,77.4,REDE_POTENCIA_REDUZIDA
31,310,20.08,0.0,3.7,34.7,78.1,REDE_POTENCIA_REDUZIDA
31,315,20.17,0.0,3.7,34.4,78.8,REDE_POTENCIA_REDUZIDA
31,320,20.25,0.0,3.7,34.6,79.5,REDE_POTENCIA_REDUZIDA
31,325,20.33,0.0,3.7,34.6,80.2,REDE_POTENCIA_REDUZIDA
31,330,20.42,0.0,2.22,34.3,80.6,REDE_POTENCIA_REDUZIDA
31,335,20.5,0.0,2.22,34.2,81.1,REDE_POTENCIA_REDUZIDA
31,340,20.58,0.0,2.22,33.9,81.5,REDE_POTENCIA_REDUZIDA
31,345,20.67,0.0,2.22,33.6,81.9,REDE_POTENCIA_REDUZIDA
31,350,20.75,0.0,2.22,33.2,82.3,REDE_POTENCIA_REDUZIDA
31,355,20.83,0.0,2.22,33.0,82.8,REDE_POTENCIA_REDUZIDA
31,360,20.92,0.0,2.22,32.5,83.2,REDE_POTENCIA_REDUZIDA
31,365,21.0,0.0,2.22,32.5,83.6,REDE_POTENCIA_REDUZIDA
31,370,21.08,0.0,2.22,32.6,84.0,REDE_POTENCIA_REDUZIDA
31,375,21.17,0.0,2.22,32.2,84.5,REDE_POTENCIA_REDUZIDA
31,380,21.25,0.0,2.22,31.9,84.9,REDE_POTENCIA_REDUZIDA
31,385,21.33,0.0,2.22,31.9,85.3,REDE_POTENCIA_REDUZIDA
31,390,21.42,0.0,2.22,31.7,85.7,REDE_POTENCIA_REDUZIDA
31,395,21.5,0.0,2.22,31.6,86.2,REDE_POTENCIA_REDUZIDA
31,400,21.58,0.0,2.22,31.5,86.6,REDE_POTENCIA_REDUZIDA
31,405,21.67,0.0,2.22,31.3,87.0,REDE_POTENCIA_REDUZIDA
31,410,21.75,0.0,2.22,31.4,87.4,REDE_POTENCIA_REDUZIDA
31,415,21.83,0.0,2.22,31.1,87.9,REDE_POTENCIA_REDUZIDA
31,420,21.92,0.0,2.22,30.9,88.3,REDE_POTENCIA_REDUZIDA
31,425,22.0,0.0,2.22,30.8,88.7,REDE_POTENCIA_REDUZIDA
31,430,22.08,0.0,2.22,30.8,89.1,REDE_POTENCIA_REDUZIDA
31,435,22.17,0.0,2.22,30.7,89.6,REDE_POTENCIA_REDUZIDA
31,440,22.25,0.0,2.22,30.8,90.0,REDE_POTENCIA_REDUZIDA
31,445,22.33,0.0,2.22,30.9,90.0,REDE_POTENCIA_REDUZIDA
32,5,19.0,0.0,3.7,29.7,47.9,REDE_POTENCIA_REDUZIDA
32,10,19.08,0.0,3.7,30.3,48.9,REDE_POTENCIA_REDUZIDA
32,15,19.17,0.0,3.7,31.0,49.8,REDE_POTENCIA_REDUZIDA
32,20,19.25,0.0,3.7,31.6,50.8,REDE_POTENCIA_REDUZIDA
32,25,19.33,0.0,3.7,32.4,51.7,REDE_POTENCIA_REDUZIDA
32,30,19.42,0.0,3.7,32.6,52.7,REDE_POTENCIA_REDUZIDA
32,35,19.5,0.0,3.7,32.9,53.6,REDE_POTENCIA_REDUZIDA
32,40,19.58,0.0,3.7,33.4,54.5,REDE_POTENCIA_REDUZIDA
32,45,19.67,0.0,3.7,33.7,55.5,REDE_POTENCIA_REDUZIDA
32,50,19.75,0.0,3.7,34.0,56.4,REDE_POTENCIA_REDUZIDA
32,55,19.83,0.0,3.7,34.4,57.4,REDE_POTENCIA_REDUZIDA
32,60,19.92,0.0,3.7,34.5,58.3,REDE_POTENCIA_REDUZIDA
32,65,20.0,0.0,3.7,34.6,59.3,REDE_POTENCIA_REDUZIDA
32,70,20.08,0.0,3.7,35.1,60.2,REDE_POTENCIA_REDUZIDA
32,75,20.17,0.0,3.7,35.3,61.1,REDE_POTENCIA_REDUZIDA
32,80,20.25,0.0,3.7,35.6,62.1,REDE_POTENCIA_REDUZIDA
32,85,20.33,0.0,3.7,35.6,63.0,REDE_POTENCIA_REDUZIDA
32,90,20.42,0.0,3.7,35.9,64.0,REDE_POTENCIA_REDUZIDA
32,95,20.5,0.0,3.7,35.9,64.9,REDE_POTENCIA_REDUZIDA
32,100,20.58,0.0,3.7,36.0,65.8,REDE_POTENCIA_REDUZIDA
32,105,20.67,0.0,3.7,36.1,66.8,REDE_POTENCIA_REDUZIDA
32,110,20.75,0.0,3.7,36.4,67.7,REDE_POTENCIA_REDUZIDA
32,115,20.83,0.0,3.7,36.3,68.7,REDE_POTENCIA_REDUZIDA
32,120,20.92,0.0,3.7,36.5,69.6,REDE_POTENCIA_REDUZIDA
32,125,21.0,0.0,3.7,36.4,70.6,REDE_POTENCIA_REDUZIDA
32,130,21.08,0.0,3.7,36.6,71.5,REDE_POTENCIA_REDUZIDA
32,135,21.17,0.0,3.7,36.8,72.4,REDE_POTENCIA_REDUZIDA
32,140,21.25,0.0,3.7,36.7,73.4,REDE_POTENCIA_REDUZIDA
32,145,21.33,0.0,3.7,36.6,74.3,REDE_POTENCIA_REDUZIDA
32,150,21.42,0.0,3.7,36.6,75.3,REDE_POTENCIA_REDUZIDA
32,155,21.5,0.0,3.7,36.7,76.2,REDE_POTENCIA_REDUZIDA
32,160,21.58,0.0,3.7,36.9,77.2,REDE_POTENCIA_REDUZIDA
32,165,21.67,0.0,3.7,36.9,78.1,REDE_POTENCIA_REDUZIDA
32,170,21.75,0.0,3.7,36.9,79.0,REDE_POTENCIA_REDUZIDA
32,175,21.83,0.0,3.7,37.3,80.0,REDE_POTENCIA_REDUZIDA
32,180,21.92,0.0,3.7,37.7,80.9,REDE_POTENCIA_REDUZIDA
32,185,22.0,0.0,2.22,37.2,81.5,REDE_POTENCIA_REDUZIDA
32,190,22.08,0.0,2.22,37.1,82.1,REDE_POTENCIA_REDUZIDA
32,195,22.17,0.0,2.22,36.9,82.6,REDE_POTENCIA_REDUZIDA
32,200,22.25,0.0,2.22,37.0,83.2,REDE_POTENCIA_REDUZIDA
32,205,22.33,0.0,2.22,36.8,83.8,REDE_POTENCIA_REDUZIDA
32,210,22.42,0.0,2.22,36.8,84.3,REDE_POTENCIA_REDUZIDA
32,215,22.5,0.0,2.22,36.8,84.9,REDE_POTENCIA_REDUZIDA
32,220,22.58,0.0,2.22,36.4,85.5,REDE_POTENCIA_REDUZIDA
32,225,22.67,0.0,2.22,36.0,86.0,REDE_POTENCIA_REDUZIDA
32,230,22.75,0.0,2.22,35.7,86.6,REDE_POTENCIA_REDUZIDA
32,235,22.83,0.0,2.22,35.9,87.1,REDE_POTENCIA_REDUZIDA
32,240,22.92,0.0,2.22,35.6,87.7,REDE_POTENCIA_REDUZIDA
32,245,23.0,0.0,2.22,35.5,88.3,REDE_POTENCIA_REDUZIDA
32,250,23.08,0.0,2.22,35.2,88.8,REDE_POTENCIA_REDUZIDA
32,255,23.17,0.0,2.22,35.1,89.4,REDE_POTENCIA_REDUZIDA
32,260,23.25,0.0,2.22,34.9,90.0,REDE_POTENCIA_REDUZIDA
32,265,23.33,0.0,2.22,35.0,90.5,REDE_POTENCIA_REDUZIDA
32,270,23.42,0.0,2.22,35.1,91.1,REDE_POTENCIA_REDUZIDA
32,275,23.5,0.0,2.22,35.2,91.7,REDE_POTENCIA_REDUZIDA
32,280,23.58,0.0,2.22,35.1,92.2,REDE_POTENCIA_REDUZIDA
32,285,23.67,0.0,2.22,35.1,92.8,REDE_POTENCIA_REDUZIDA
32,290,23.75,0.0,2.22,34.8,93.4,REDE_POTENCIA_REDUZIDA
32,295,23.83,0.0,2.22,34.8,93.9,REDE_POTENCIA_REDUZIDA
32,300,23.92,0.0,2.22,34.5,94.5,REDE_POTENCIA_REDUZIDA
32,305,0.0,0.0,2.22,34.3,95.1,REDE_POTENCIA_REDUZIDA
32,310,0.08,0.0,2.22,34.5,95.6,REDE_POTENCIA_REDUZIDA
32,315,0.17,0.0,2.22,34.3,96.2,REDE_POTENCIA_REDUZIDA
32,320,0.25,0.0,2.22,34.5,96.8,REDE_POTENCIA_REDUZIDA
32,325,0.33,0.0,2.22,34.5,97.3,REDE_POTENCIA_REDUZIDA
32,330,0.42,0.0,2.22,34.6,97.9,REDE_POTENCIA_REDUZIDA
32,335,0.5,0.0,2.22,34.3,98.5,REDE_POTENCIA_REDUZIDA
32,340,0.58,0.0,2.22,34.2,99.0,REDE_POTENCIA_REDUZIDA
32,345,0.67,0.0,2.22,34.1,99.6,REDE_POTENCIA_REDUZIDA
32,350,0.75,0.0,2.22,34.4,100.0,REDE_POTENCIA_REDUZIDA
33,5,0.0,0.0,3.7,33.9,10.6,REDE_POTENCIA_REDUZIDA
33,10,0.08,0.0,3.7,34.6,11.3,REDE_POTENCIA_REDUZIDA
33,15,0.17,0.0,3.7,35.4,11.9,REDE_POTENCIA_REDUZIDA
33,20,0.25,0.0,3.7,36.0,12.5,REDE_POTENCIA_REDUZIDA
33,25,0.33,0.0,3.7,36.5,13.2,REDE_POTENCIA_REDUZIDA
33,30,0.42,0.0,3.7,37.0,13.8,REDE_POTENCIA_REDUZIDA
33,35,0.5,0.0,3.7,37.3,14.4,REDE_POTENCIA_REDUZIDA
33,40,0.58,0.0,3.7,37.9,15.1,REDE_POTENCIA_REDUZIDA
33,45,0.67,0.0,3.7,38.0,15.7,REDE_POTENCIA_REDUZIDA
33,50,0.75,0.0,3.7,38.1,16.3,REDE_POTENCIA_REDUZIDA
33,55,0.83,0.0,3.7,38.5,16.9,REDE_POTENCIA_REDUZIDA
33,60,0.92,0.0,3.7,38.6,17.6,REDE_POTENCIA_REDUZIDA
33,65,1.0,0.0,3.7,38.7,18.2,REDE_POTENCIA_REDUZIDA
33,70,1.08,0.0,3.7,38.7,18.8,REDE_POTENCIA_REDUZIDA
33,75,1.17,0.0,3.7,39.1,19.5,REDE_POTENCIA_REDUZIDA
33,80,1.25,0.0,3.7,39.3,20.1,REDE_POTENCIA_REDUZIDA
33,85,1.33,0.0,3.7,39.5,20.7,REDE_POTENCIA_REDUZIDA
33,90,1.42,0.0,3.7,39.7,21.4,REDE_POTENCIA_REDUZIDA
33,95,1.5,0.0,3.7,39.9,22.0,REDE_POTENCIA_REDUZIDA
33,100,1.58,0.0,3.7,40.3,22.6,REDE_POTENCIA_REDUZIDA
33,105,1.67,0.0,3.7,40.6,23.3,REDE_POTENCIA_REDUZIDA
33,110,1.75,0.0,3.7,40.7,23.9,REDE_POTENCIA_REDUZIDA
33,115,1.83,0.0,3.7,41.0,24.5,REDE_POTENCIA_REDUZIDA
33,120,1.92,0.0,3.7,40.9,25.2,REDE_POTENCIA_REDUZIDA
33,125,2.0,0.0,3.7,40.8,25.8,REDE_POTENCIA_REDUZIDA
33,130,2.08,0.0,3.7,40.8,26.4,REDE_POTENCIA_REDUZIDA
33,135,2.17,0.0,3.7,41.2,27.1,REDE_POTENCIA_REDUZIDA
33,140,2.25,0.0,3.7,41.3,27.7,REDE_POTENCIA_REDUZIDA
33,145,2.33,0.0,3.7,41.5,28.3,REDE_POTENCIA_REDUZIDA
33,150,2.42,0.0,3.7,41.6,29.0,REDE_POTENCIA_REDUZIDA
33,155,2.5,0.0,3.7,41.7,29.6,REDE_POTENCIA_REDUZIDA
33,160,2.58,0.0,3.7,41.6,30.2,REDE_POTENCIA_REDUZIDA
33,165,2.67,0.0,3.7,41.4,30.8,REDE_POTENCIA_REDUZIDA
33,170,2.75,0.0,3.7,41.7,31.5,REDE_POTENCIA_REDUZIDA
33,175,2.83,0.0,3.7,41.8,32.1,REDE_POTENCIA_REDUZIDA
33,180,2.92,0.0,3.7,41.9,32.7,REDE_POTENCIA_REDUZIDA
33,185,3.0,0.0,3.7,41.7,33.4,REDE_POTENCIA_REDUZIDA
33,190,3.08,0.0,3.7,41.9,34.0,REDE_POTENCIA_REDUZIDA
33,195,3.17,0.0,3.7,42.2,34.6,REDE_POTENCIA_REDUZIDA
33,200,3.25,0.0,3.7,42.1,35.3,REDE_POTENCIA_REDUZIDA
33,205,3.33,0.0,3.7,42.1,35.9,REDE_POTENCIA_REDUZIDA
33,210,3.42,0.0,3.7,42.3,36.5,REDE_POTENCIA_REDUZIDA
33,215,3.5,0.0,3.7,42.5,37.2,REDE_POTENCIA_REDUZIDA
33,220,3.58,0.0,3.7,42.6,37.8,REDE_POTENCIA_REDUZIDA
33,225,3.67,0.0,3.7,42.6,38.4,REDE_POTENCIA_REDUZIDA
33,230,3.75,0.0,3.7,42.4,39.1,REDE_POTENCIA_REDUZIDA
33,235,3.83,0.0,3.7,42.5,39.7,REDE_POTENCIA_REDUZIDA
33,240,3.92,0.0,3.7,42.3,40.3,REDE_POTENCIA_REDUZIDA
33,245,4.0,0.0,3.7,42.2,41.0,REDE_POTENCIA_REDUZIDA
33,250,4.08,0.0,3.7,42.0,41.6,REDE_POTENCIA_REDUZIDA
33,255,4.17,0.0,3.7,41.8,42.2,REDE_POTENCIA_REDUZIDA
33,260,4.25,0.0,3.7,41.6,42.9,REDE_POTENCIA_REDUZIDA
33,265,4.33,0.0,3.7,41.9,43.5,REDE_POTENCIA_REDUZIDA
33,270,4.42,0.0,3.7,42.1,44.1,REDE_POTENCIA_REDUZIDA
33,275,4.5,0.0,3.7,42.0,44.7,REDE_POTENCIA_REDUZIDA
33,280,4.58,0.0,3.7,42.2,45.4,REDE_POTENCIA_REDUZIDA
33,285,4.67,0.0,3.7,41.9,46.0,REDE_POTENCIA_REDUZIDA
33,290,4.75,0.0,3.7,41.8,46.6,REDE_POTENCIA_REDUZIDA
33,295,4.83,0.0,3.7,41.8,47.3,REDE_POTENCIA_REDUZIDA
33,300,4.92,0.0,3.7,41.9,47.9,REDE_POTENCIA_REDUZIDA
33,305,5.0,0.0,3.7,41.8,48.5,REDE_POTENCIA_REDUZIDA
33,310,5.08,0.0,3.7,41.7,49.2,REDE_POTENCIA_REDUZIDA
33,315,5.17,0.0,3.7,41.7,49.8,REDE_POTENCIA_REDUZIDA
33,320,5.25,0.0,3.7,41.6,50.4,REDE_POTENCIA_REDUZIDA
33,325,5.33,0.0,3.7,41.7,51.1,REDE_POTENCIA_REDUZIDA
33,330,5.42,0.0,3.7,41.5,51.7,REDE_POTENCIA_REDUZIDA
33,335,5.5,0.0,3.7,41.3,52.3,REDE_POTENCIA_REDUZIDA
33,340,5.58,0.0,3.7,41.3,53.0,REDE_POTENCIA_REDUZIDA
33,345,5.67,0.0,3.7,41.2,53.6,REDE_POTENCIA_REDUZIDA
33,350,5.75,0.0,3.7,41.4,54.2,REDE_POTENCIA_REDUZIDA
33,355,5.83,0.0,3.7,41.6,54.9,REDE_POTENCIA_REDUZIDA
33,360,5.92,0.0,3.7,41.4,55.5,REDE_POTENCIA_REDUZIDA
33,365,6.0,0.0,3.7,41.4,56.1,REDE_POTENCIA_REDUZIDA
33,370,6.08,0.18,3.7,41.3,56.8,REDE_POTENCIA_REDUZIDA
33,375,6.17,0.36,3.7,41.5,57.4,REDE_POTENCIA_REDUZIDA
33,380,6.25,0.55,7.4,42.4,58.6,HIBRIDO_SOLAR_REDE
33,385,6.33,0.74,7.4,43.3,59.9,HIBRIDO_SOLAR_REDE
33,390,6.42,0.95,7.4,43.9,61.2,HIBRIDO_SOLAR_REDE
33,395,6.5,1.13,7.4,44.2,62.4,HIBRIDO_SOLAR_REDE
33,400,6.58,1.45,7.4,44.8,63.7,HIBRIDO_SOLAR_REDE
33,405,6.67,1.54,7.4,45.5,65.0,HIBRIDO_SOLAR_REDE
33,410,6.75,1.68,3.7,45.0,65.6,REDUCAO_TERMICA
33,415,6.83,1.98,3.7,45.0,66.2,REDUCAO_TERMICA
33,420,6.92,1.92,3.7,44.5,66.9,REDUCAO_TERMICA
33,425,7.0,2.13,3.7,44.1,67.5,REDUCAO_TERMICA
33,430,7.08,2.47,3.7,44.2,68.1,REDUCAO_TERMICA
33,435,7.17,2.66,3.7,44.0,68.8,REDUCAO_TERMICA
33,440,7.25,2.99,3.7,43.9,69.4,REDUCAO_TERMICA
33,445,7.33,2.94,3.7,43.9,70.0,REDUCAO_TERMICA
33,450,7.42,3.27,3.7,43.7,70.7,REDUCAO_TERMICA
33,455,7.5,3.68,3.7,43.4,71.3,REDUCAO_TERMICA
33,460,7.58,3.92,3.7,43.3,71.9,REDUCAO_TERMICA
33,465,7.67,3.76,3.7,43.0,72.5,REDUCAO_TERMICA
33,470,7.75,3.94,3.7,42.7,73.2,REDUCAO_TERMICA
33,475,7.83,4.43,3.7,42.4,73.8,REDUCAO_TERMICA
33,480,7.92,4.2,3.7,42.3,74.4,REDUCAO_TERMICA
33,485,8.0,3.86,3.7,42.3,75.1,REDUCAO_TERMICA
33,490,8.08,5.0,3.7,42.5,75.7,REDUCAO_TERMICA
33,495,8.17,4.83,3.7,42.6,76.3,REDUCAO_TERMICA
33,500,8.25,4.92,3.7,42.8,77.0,REDUCAO_TERMICA
33,505,8.33,4.92,3.7,42.5,77.6,REDUCAO_TERMICA
33,510,8.42,5.79,3.7,42.3,78.2,REDUCAO_TERMICA
33,515,8.5,5.86,3.7,42.2,78.9,REDUCAO_TERMICA
33,520,8.58,5.75,3.7,42.2,79.5,REDUCAO_TERMICA
33,525,8.67,5.01,3.7,42.1,80.0,REDUCAO_TERMICA
34,5,5.0,0.0,3.7,30.3,36.7,REDE_POTENCIA_REDUZIDA
34,10,5.08,0.0,3.7,31.3,37.4,REDE_POTENCIA_REDUZIDA
34,15,5.17,0.0,3.7,31.9,38.1,REDE_POTENCIA_REDUZIDA
34,20,5.25,0.0,3.7,32.4,38.8,REDE_POTENCIA_REDUZIDA
34,25,5.33,0.0,3.7,32.8,39.5,REDE_POTENCIA_REDUZIDA
34,30,5.42,0.0,3.7,33.1,40.3,REDE_POTENCIA_REDUZIDA
34,35,5.5,0.0,3.7,33.3,41.0,REDE_POTENCIA_REDUZIDA
34,40,5.58,0.0,3.7,33.9,41.7,REDE_POTENCIA_REDUZIDA
34,45,5.67,0.0,3.7,34.0,42.4,REDE_POTENCIA_REDUZIDA
34,50,5.75,0.0,3.7,34.5,43.1,REDE_POTENCIA_REDUZIDA
34,55,5.83,0.0,3.7,34.6,43.8,REDE_POTENCIA_REDUZIDA
34,60,5.92,0.0,3.7,35.1,44.5,REDE_POTENCIA_REDUZIDA
34,65,6.0,0.0,3.7,35.2,45.2,REDE_POTENCIA_REDUZIDA
34,70,6.08,0.18,3.7,35.6,45.9,REDE_POTENCIA_REDUZIDA
34,75,6.17,0.41,3.7,35.8,46.6,REDE_POTENCIA_REDUZIDA
34,80,6.25,0.6,7.4,36.9,48.1,HIBRIDO_SOLAR_REDE
34,85,6.33,0.82,7.4,37.6,49.5,HIBRIDO_SOLAR_REDE
34,90,6.42,1.06,7.4,38.2,50.9,HIBRIDO_SOLAR_REDE
34,95,6.5,1.18,7.4,38.7,52.3,HIBRIDO_SOLAR_REDE
34,100,6.58,1.41,7.4,39.3,53.7,HIBRIDO_SOLAR_REDE
34,105,6.67,1.53,7.4,39.7,55.1,HIBRIDO_SOLAR_REDE
34,110,6.75,1.94,7.4,40.1,56.6,HIBRIDO_SOLAR_REDE
34,115,6.83,1.75,7.4,40.9,58.0,HIBRIDO_SOLAR_REDE
34,120,6.92,2.23,7.4,41.8,59.4,HIBRIDO_SOLAR_REDE
34,125,7.0,2.53,7.4,42.3,60.8,HIBRIDO_SOLAR_REDE
34,130,7.08,2.71,7.4,43.0,62.2,HIBRIDO_SOLAR_REDE
34,135,7.17,2.97,7.4,43.5,63.7,HIBRIDO_SOLAR_REDE
34,140,7.25,2.63,7.4,43.8,65.1,HIBRIDO_SOLAR_REDE
34,145,7.33,3.38,7.4,44.4,66.5,HIBRIDO_SOLAR_REDE
34,150,7.42,3.46,7.4,44.7,67.9,HIBRIDO_SOLAR_REDE
34,155,7.5,3.42,7.4,45.1,69.3,HIBRIDO_SOLAR_REDE
34,160,7.58,3.46,3.7,44.3,70.0,REDUCAO_TERMICA
34,165,7.67,4.19,3.7,43.7,70.7,REDUCAO_TERMICA
34,170,7.75,4.19,3.7,43.4,71.5,REDUCAO_TERMICA
34,175,7.83,4.6,3.7,43.0,72.2,REDUCAO_TERMICA
34,180,7.92,3.73,3.7,42.8,72.9,REDUCAO_TERMICA
34,185,8.0,4.6,3.7,42.7,73.6,REDUCAO_TERMICA
34,190,8.08,4.3,3.7,42.5,74.3,REDUCAO_TERMICA
34,195,8.17,4.94,3.7,42.1,75.0,REDUCAO_TERMICA
34,200,8.25,4.61,3.7,41.6,75.7,REDUCAO_TERMICA
34,205,8.33,5.66,3.7,41.3,76.4,REDUCAO_TERMICA
34,210,8.42,4.84,3.7,41.4,77.1,REDUCAO_TERMICA
34,215,8.5,5.83,3.7,41.4,77.8,REDUCAO_TERMICA
34,220,8.58,5.72,3.7,41.5,78.5,REDUCAO_TERMICA
34,225,8.67,5.33,3.7,41.3,79.3,REDUCAO_TERMICA
34,230,8.75,5.22,3.7,41.0,80.0,REDUCAO_TERMICA
34,235,8.83,6.1,3.7,40.9,80.0,REDUCAO_TERMICA
35,5,2.0,0.0,3.7,23.9,41.5,REDE_POTENCIA_REDUZIDA
35,10,2.08,0.0,3.7,24.6,42.1,REDE_POTENCIA_REDUZIDA
35,15,2.17,0.0,3.7,25.0,42.6,REDE_POTENCIA_REDUZIDA
35,20,2.25,0.0,3.7,25.3,43.2,REDE_POTENCIA_REDUZIDA
35,25,2.33,0.0,3.7,25.7,43.7,REDE_POTENCIA_REDUZIDA
35,30,2.42,0.0,3.7,26.0,44.3,REDE_POTENCIA_REDUZIDA
35,35,2.5,0.0,3.7,26.6,44.8,REDE_POTENCIA_REDUZIDA
35,40,2.58,0.0,3.7,27.1,45.4,REDE_POTENCIA_REDUZIDA
35,45,2.67,0.0,3.7,27.5,45.9,REDE_POTENCIA_REDUZIDA
35,50,2.75,0.0,3.7,27.7,46.5,REDE_POTENCIA_REDUZIDA
35,55,2.83,0.0,3.7,27.8,47.0,REDE_POTENCIA_REDUZIDA
35,60,2.92,0.0,3.7,28.3,47.5,REDE_POTENCIA_REDUZIDA
35,65,3.0,0.0,3.7,28.4,48.1,REDE_POTENCIA_REDUZIDA
35,70,3.08,0.0,3.7,28.7,48.6,REDE_POTENCIA_REDUZIDA
35,75,3.17,0.0,3.7,28.8,49.2,REDE_POTENCIA_REDUZIDA
35,80,3.25,0.0,3.7,28.9,49.7,REDE_POTENCIA_REDUZIDA
35,85,3.33,0.0,3.7,29.2,50.3,REDE_POTENCIA_REDUZIDA
35,90,3.42,0.0,3.7,29.7,50.8,REDE_POTENCIA_REDUZIDA
35,95,3.5,0.0,3.7,30.2,51.4,REDE_POTENCIA_REDUZIDA
35,100,3.58,0.0,3.7,30.5,51.9,REDE_POTENCIA_REDUZIDA
35,105,3.67,0.0,3.7,30.5,52.5,REDE_POTENCIA_REDUZIDA
35,110,3.75,0.0,3.7,30.6,53.0,REDE_POTENCIA_REDUZIDA
35,115,3.83,0.0,3.7,30.9,53.5,REDE_POTENCIA_REDUZIDA
35,120,3.92,0.0,3.7,31.0,54.1,REDE_POTENCIA_REDUZIDA
35,125,4.0,0.0,3.7,31.1,54.6,REDE_POTENCIA_REDUZIDA
35,130,4.08,0.0,3.7,31.2,55.2,REDE_POTENCIA_REDUZIDA
35,135,4.17,0.0,3.7,31.4,55.7,REDE_POTENCIA_REDUZIDA
35,140,4.25,0.0,3.7,31.3,56.3,REDE_POTENCIA_REDUZIDA
35,145,4.33,0.0,3.7,31.7,56.8,REDE_POTENCIA_REDUZIDA
35,150,4.42,0.0,3.7,31.7,57.4,REDE_POTENCIA_REDUZIDA
35,155,4.5,0.0,3.7,31.8,57.9,REDE_POTENCIA_REDUZIDA
35,160,4.58,0.0,3.7,31.8,58.5,REDE_POTENCIA_REDUZIDA
35,165,4.67,0.0,3.7,31.7,59.0,REDE_POTENCIA_REDUZIDA
35,170,4.75,0.0,3.7,32.0,59.5,REDE_POTENCIA_REDUZIDA
35,175,4.83,0.0,3.7,32.1,60.1,REDE_POTENCIA_REDUZIDA
35,180,4.92,0.0,3.7,32.3,60.6,REDE_POTENCIA_REDUZIDA
35,185,5.0,0.0,3.7,32.4,61.2,REDE_POTENCIA_REDUZIDA
35,190,5.08,0.0,3.7,32.1,61.7,REDE_POTENCIA_REDUZIDA
35,195,5.17,0.0,3.7,31.9,62.3,REDE_POTENCIA_REDUZIDA
35,200,5.25,0.0,3.7,32.1,62.8,REDE_POTENCIA_REDUZIDA
35,205,5.33,0.0,3.7,31.8,63.4,REDE_POTENCIA_REDUZIDA
35,210,5.42,0.0,3.7,32.1,63.9,REDE_POTENCIA_REDUZIDA
35,215,5.5,0.0,3.7,32.2,64.5,REDE_POTENCIA_REDUZIDA
35,220,5.58,0.0,3.7,32.3,65.0,REDE_POTENCIA_REDUZIDA
35,225,5.67,0.0,3.7,32.3,65.5,REDE_POTENCIA_REDUZIDA
35,230,5.75,0.0,3.7,32.3,66.1,REDE_POTENCIA_REDUZIDA
35,235,5.83,0.0,3.7,32.4,66.6,REDE_POTENCIA_REDUZIDA
35,240,5.92,0.0,3.7,32.1,67.2,REDE_POTENCIA_REDUZIDA
35,245,6.0,0.0,3.7,32.0,67.7,REDE_POTENCIA_REDUZIDA
35,250,6.08,0.21,3.7,31.7,68.3,REDE_POTENCIA_REDUZIDA
35,255,6.17,0.39,3.7,31.8,68.8,REDE_POTENCIA_REDUZIDA
35,260,6.25,0.64,7.4,32.8,69.9,HIBRIDO_SOLAR_REDE
35,265,6.33,0.82,7.4,33.5,71.0,HIBRIDO_SOLAR_REDE
35,270,6.42,1.05,7.4,34.0,72.1,HIBRIDO_SOLAR_REDE
35,275,6.5,1.1,7.4,34.6,73.2,HIBRIDO_SOLAR_REDE
35,280,6.58,1.35,7.4,35.0,74.3,HIBRIDO_SOLAR_REDE
35,285,6.67,1.36,7.4,35.3,75.4,HIBRIDO_SOLAR_REDE
35,290,6.75,1.75,7.4,35.7,76.5,HIBRIDO_SOLAR_REDE
35,295,6.83,1.93,7.4,36.2,77.5,HIBRIDO_SOLAR_REDE
35,300,6.92,2.31,7.4,36.8,78.6,HIBRIDO_SOLAR_REDE
35,305,7.0,2.23,7.4,37.3,79.7,HIBRIDO_SOLAR_REDE
35,310,7.08,2.39,7.4,37.8,80.0,HIBRIDO_SOLAR_REDE
36,5,17.0,2.26,7.4,31.4,22.9,HIBRIDO_SOLAR_REDE
36,10,17.08,2.23,7.4,32.7,24.8,HIBRIDO_SOLAR_REDE
36,15,17.17,1.7,7.4,34.0,26.7,HIBRIDO_SOLAR_REDE
36,20,17.25,1.92,7.4,35.2,28.5,HIBRIDO_SOLAR_REDE
36,25,17.33,1.45,7.4,36.0,30.4,HIBRIDO_SOLAR_REDE
36,30,17.42,1.32,7.4,37.2,32.3,HIBRIDO_SOLAR_REDE
36,35,17.5,1.12,7.4,38.2,34.2,HIBRIDO_SOLAR_REDE
36,40,17.58,0.95,7.4,39.0,36.1,HIBRIDO_SOLAR_REDE
36,45,17.67,0.84,7.4,40.0,38.0,HIBRIDO_SOLAR_REDE
36,50,17.75,0.53,7.4,40.6,39.8,HIBRIDO_SOLAR_REDE
36,55,17.83,0.38,3.7,40.5,40.8,REDE_POTENCIA_REDUZIDA
36,60,17.92,0.17,3.7,40.3,41.7,REDE_POTENCIA_REDUZIDA
36,65,18.0,0.0,3.7,40.4,42.7,REDE_POTENCIA_REDUZIDA
36,70,18.08,0.0,3.7,40.1,43.6,REDE_POTENCIA_REDUZIDA
36,75,18.17,0.0,3.7,40.1,44.6,REDE_POTENCIA_REDUZIDA
36,80,18.25,0.0,3.7,40.0,45.5,REDE_POTENCIA_REDUZIDA
36,85,18.33,0.0,3.7,39.9,46.4,REDE_POTENCIA_REDUZIDA
36,90,18.42,0.0,3.7,40.0,47.4,REDE_POTENCIA_REDUZIDA
36,95,18.5,0.0,3.7,39.8,48.3,REDE_POTENCIA_REDUZIDA
36,100,18.58,0.0,3.7,39.6,49.3,REDE_POTENCIA_REDUZIDA
36,105,18.67,0.0,3.7,39.4,50.2,REDE_POTENCIA_REDUZIDA
36,110,18.75,0.0,3.7,39.3,51.2,REDE_POTENCIA_REDUZIDA
36,115,18.83,0.0,3.7,39.2,52.1,REDE_POTENCIA_REDUZIDA
36,120,18.92,0.0,3.7,39.3,53.0,REDE_POTENCIA_REDUZIDA
36,125,19.0,0.0,3.7,39.3,54.0,REDE_POTENCIA_REDUZIDA
36,130,19.08,0.0,3.7,39.4,54.9,REDE_POTENCIA_REDUZIDA
36,135,19.17,0.0,3.7,39.7,55.9,REDE_POTENCIA_REDUZIDA
36,140,19.25,0.0,3.7,39.4,56.8,REDE_POTENCIA_REDUZIDA
36,145,19.33,0.0,3.7,39.2,57.8,REDE_POTENCIA_REDUZIDA
36,150,19.42,0.0,3.7,39.4,58.7,REDE_POTENCIA_REDUZIDA
36,155,19.5,0.0,3.7,39.5,59.6,REDE_POTENCIA_REDUZIDA
36,160,19.58,0.0,3.7,39.4,60.6,REDE_POTENCIA_REDUZIDA
36,165,19.67,0.0,3.7,39.5,61.5,REDE_POTENCIA_REDUZIDA
36,170,19.75,0.0,3.7,39.5,62.5,REDE_POTENCIA_REDUZIDA
36,175,19.83,0.0,3.7,39.5,63.4,REDE_POTENCIA_REDUZIDA
36,180,19.92,0.0,3.7,39.5,64.4,REDE_POTENCIA_REDUZIDA
36,185,20.0,0.0,3.7,39.8,65.3,REDE_POTENCIA_REDUZIDA
36,190,20.08,0.0,3.7,39.8,66.2,REDE_POTENCIA_REDUZIDA
36,195,20.17,0.0,3.7,39.5,67.2,REDE_POTENCIA_REDUZIDA
36,200,20.25,0.0,3.7,39.2,68.1,REDE_POTENCIA_REDUZIDA
36,205,20.33,0.0,3.7,39.2,69.1,REDE_POTENCIA_REDUZIDA
36,210,20.42,0.0,3.7,39.0,70.0,REDE_POTENCIA_REDUZIDA
36,215,20.5,0.0,3.7,38.8,70.9,REDE_POTENCIA_REDUZIDA
36,220,20.58,0.0,3.7,39.1,71.9,REDE_POTENCIA_REDUZIDA
36,225,20.67,0.0,3.7,39.2,72.8,REDE_POTENCIA_REDUZIDA
36,230,20.75,0.0,3.7,39.4,73.8,REDE_POTENCIA_REDUZIDA
36,235,20.83,0.0,3.7,39.2,74.7,REDE_POTENCIA_REDUZIDA
36,240,20.92,0.0,3.7,39.5,75.7,REDE_POTENCIA_REDUZIDA
36,245,21.0,0.0,3.7,39.2,76.6,REDE_POTENCIA_REDUZIDA
36,250,21.08,0.0,3.7,39.5,77.5,REDE_POTENCIA_REDUZIDA
36,255,21.17,0.0,3.7,39.4,78.5,REDE_POTENCIA_REDUZIDA
36,260,21.25,0.0,3.7,39.5,79.4,REDE_POTENCIA_REDUZIDA
36,265,21.33,0.0,3.7,39.7,80.0,REDE_POTENCIA_REDUZIDA
37,5,7.0,2.42,7.4,29.6,10.1,HIBRIDO_SOLAR_REDE
37,10,7.08,2.62,7.4,30.7,11.2,HIBRIDO_SOLAR_REDE
37,15,7.17,2.83,7.4,32.2,12.3,HIBRIDO_SOLAR_REDE
37,20,7.25,2.43,7.4,33.3,13.4,HIBRIDO_SOLAR_REDE
37,25,7.33,2.79,7.4,34.7,14.5,HIBRIDO_SOLAR_REDE
37,30,7.42,3.44,7.4,35.5,15.5,HIBRIDO_SOLAR_REDE
37,35,7.5,3.26,7.4,36.2,16.6,HIBRIDO_SOLAR_REDE
37,40,7.58,3.43,7.4,37.2,17.7,HIBRIDO_SOLAR_REDE
37,45,7.67,3.65,7.4,38.2,18.8,HIBRIDO_SOLAR_REDE
37,50,7.75,4.3,7.4,38.7,19.9,HIBRIDO_SOLAR_REDE
37,55,7.83,3.67,7.4,39.5,21.0,HIBRIDO_SOLAR_REDE
37,60,7.92,4.38,7.4,39.9,22.1,HIBRIDO_SOLAR_REDE
37,65,8.0,4.0,7.4,40.6,23.2,HIBRIDO_SOLAR_REDE
37,70,8.08,4.75,7.4,41.1,24.3,HIBRIDO_SOLAR_REDE
37,75,8.17,5.07,7.4,41.7,25.4,HIBRIDO_SOLAR_REDE
37,80,8.25,4.36,7.4,42.1,26.5,HIBRIDO_SOLAR_REDE
37,85,8.33,5.08,7.4,42.6,27.5,HIBRIDO_SOLAR_REDE
37,90,8.42,5.42,7.4,42.7,28.6,HIBRIDO_SOLAR_REDE
37,95,8.5,5.58,7.4,43.0,29.7,HIBRIDO_SOLAR_REDE
37,100,8.58,5.86,7.4,43.4,30.8,HIBRIDO_SOLAR_REDE
37,105,8.67,4.85,7.4,43.4,31.9,HIBRIDO_SOLAR_REDE
37,110,8.75,5.54,7.4,43.7,33.0,HIBRIDO_SOLAR_REDE
37,115,8.83,5.9,7.4,44.2,34.1,HIBRIDO_SOLAR_REDE
37,120,8.92,5.67,7.4,44.5,35.2,HIBRIDO_SOLAR_REDE
37,125,9.0,6.05,7.4,44.4,36.3,HIBRIDO_SOLAR_REDE
37,130,9.08,6.16,7.4,44.6,37.4,HIBRIDO_SOLAR_REDE
37,135,9.17,6.28,7.4,45.0,38.5,HIBRIDO_SOLAR_REDE
37,140,9.25,6.56,7.4,44.8,39.5,HIBRIDO_SOLAR_REDE
37,145,9.33,6.74,7.4,45.2,40.6,HIBRIDO_SOLAR_REDE
37,150,9.42,6.81,3.7,44.3,41.2,REDUCAO_TERMICA
37,155,9.5,7.31,3.7,43.7,41.7,REDUCAO_TERMICA
37,160,9.58,6.94,3.7,43.2,42.3,REDUCAO_TERMICA
37,165,9.67,6.53,3.7,42.7,42.8,REDUCAO_TERMICA
37,170,9.75,7.14,3.7,42.4,43.4,REDUCAO_TERMICA
37,175,9.83,8.33,3.7,42.2,43.9,REDUCAO_TERMICA
37,180,9.92,6.65,3.7,41.6,44.5,REDUCAO_TERMICA
37,185,10.0,8.26,3.7,41.4,45.0,REDUCAO_TERMICA
37,190,10.08,8.04,3.7,41.1,45.5,REDUCAO_TERMICA
37,195,10.17,7.66,3.7,40.6,46.1,REDUCAO_TERMICA
37,200,10.25,8.05,7.4,41.2,47.2,SOLAR_TOTAL
37,205,10.33,8.55,7.4,41.4,48.3,SOLAR_TOTAL
37,210,10.42,7.05,7.4,41.8,49.4,HIBRIDO_SOLAR_REDE
37,215,10.5,9.17,7.4,41.9,50.5,SOLAR_TOTAL
37,220,10.58,8.63,7.4,42.5,51.5,SOLAR_TOTAL
37,225,10.67,9.32,7.4,42.8,52.6,SOLAR_TOTAL
37,230,10.75,7.53,7.4,42.8,53.7,SOLAR_TOTAL
37,235,10.83,7.31,7.4,43.1,54.8,HIBRIDO_SOLAR_REDE
37,240,10.92,7.83,7.4,43.2,55.9,SOLAR_TOTAL
37,245,11.0,9.4,7.4,43.7,57.0,SOLAR_TOTAL
37,250,11.08,8.08,7.4,44.1,58.1,SOLAR_TOTAL
37,255,11.17,8.61,7.4,44.3,59.2,SOLAR_TOTAL
37,260,11.25,9.76,7.4,44.5,60.3,SOLAR_TOTAL
37,265,11.33,8.26,7.4,44.5,61.4,SOLAR_TOTAL
37,270,11.42,8.94,7.4,44.9,62.5,SOLAR_TOTAL
37,275,11.5,7.45,7.4,45.0,63.6,SOLAR_TOTAL
37,280,11.58,9.24,3.7,44.4,64.1,REDUCAO_TERMICA
37,285,11.67,7.55,3.7,43.6,64.6,REDUCAO_TERMICA
37,290,11.75,7.6,3.7,43.0,65.2,REDUCAO_TERMICA
37,295,11.83,8.21,3.7,42.9,65.7,REDUCAO_TERMICA
37,300,11.92,7.76,3.7,42.3,66.3,REDUCAO_TERMICA
37,305,12.0,9.91,3.7,41.8,66.8,REDUCAO_TERMICA
37,310,12.08,9.3,3.7,41.5,67.4,REDUCAO_TERMICA
37,315,12.17,8.47,3.7,41.2,67.9,REDUCAO_TERMICA
37,320,12.25,9.02,3.7,41.1,68.5,REDUCAO_TERMICA
37,325,12.33,7.56,3.7,40.8,69.0,REDUCAO_TERMICA
37,330,12.42,8.67,7.4,41.4,70.1,SOLAR_TOTAL
37,335,12.5,8.42,7.4,41.9,71.2,SOLAR_TOTAL
37,340,12.58,9.68,7.4,42.2,72.3,SOLAR_TOTAL
37,345,12.67,9.1,7.4,42.4,73.4,SOLAR_TOTAL
37,350,12.75,7.58,7.4,42.7,74.5,SOLAR_TOTAL
37,355,12.83,7.8,7.4,43.0,75.6,SOLAR_TOTAL
37,360,12.92,7.61,7.4,43.1,76.6,SOLAR_TOTAL
37,365,13.0,8.4,7.4,43.5,77.7,SOLAR_TOTAL
37,370,13.08,7.57,7.4,43.7,78.8,SOLAR_TOTAL
37,375,13.17,8.47,7.4,43.8,79.9,SOLAR_TOTAL
37,380,13.25,7.72,7.4,43.9,81.0,SOLAR_TOTAL
37,385,13.33,8.19,4.44,43.4,81.7,SOLAR_TOTAL
37,390,13.42,8.45,4.44,43.2,82.3,SOLAR_TOTAL
37,395,13.5,7.34,4.44,42.9,83.0,HIBRIDO_SOLAR_REDE
37,400,13.58,8.45,4.44,42.4,83.6,SOLAR_TOTAL
37,405,13.67,7.44,4.44,41.9,84.3,SOLAR_TOTAL
37,410,13.75,7.73,4.44,41.6,84.9,SOLAR_TOTAL
37,415,13.83,8.63,4.44,41.3,85.6,SOLAR_TOTAL
37,420,13.92,6.92,4.44,41.3,86.2,HIBRIDO_SOLAR_REDE
37,425,14.0,8.18,4.44,41.3,86.9,SOLAR_TOTAL
37,430,14.08,7.68,4.44,41.0,87.6,SOLAR_TOTAL
37,435,14.17,7.95,4.44,40.8,88.2,SOLAR_TOTAL
37,440,14.25,7.97,4.44,40.7,88.9,SOLAR_TOTAL
37,445,14.33,6.73,4.44,40.6,89.5,HIBRIDO_SOLAR_REDE
37,450,14.42,7.11,4.44,40.2,90.2,HIBRIDO_SOLAR_REDE
37,455,14.5,6.5,4.44,40.2,90.8,HIBRIDO_SOLAR_REDE
37,460,14.58,7.59,4.44,40.2,91.5,SOLAR_TOTAL
37,465,14.67,5.95,4.44,40.3,92.1,HIBRIDO_SOLAR_REDE
37,470,14.75,6.57,4.44,40.5,92.8,HIBRIDO_SOLAR_REDE
37,475,14.83,6.97,4.44,40.6,93.4,HIBRIDO_SOLAR_REDE
37,480,14.92,6.53,4.44,40.6,94.1,HIBRIDO_SOLAR_REDE
37,485,15.0,6.75,4.44,40.5,94.8,HIBRIDO_SOLAR_REDE
37,490,15.08,6.64,4.44,40.7,95.4,HIBRIDO_SOLAR_REDE
37,495,15.17,5.1,4.44,40.9,96.1,HIBRIDO_SOLAR_REDE
37,500,15.25,6.13,4.44,41.0,96.7,HIBRIDO_SOLAR_REDE
37,505,15.33,5.78,4.44,41.0,97.4,HIBRIDO_SOLAR_REDE
37,510,15.42,5.43,4.44,40.8,98.0,HIBRIDO_SOLAR_REDE
37,515,15.5,5.35,4.44,40.8,98.7,HIBRIDO_SOLAR_REDE
37,520,15.58,4.93,4.44,40.8,99.3,HIBRIDO_SOLAR_REDE
37,525,15.67,4.38,4.44,40.5,100.0,HIBRIDO_SOLAR_REDE
37,530,15.75,5.27,4.44,40.7,100.0,HIBRIDO_SOLAR_REDE
38,5,10.0,6.74,7.4,25.2,14.9,HIBRIDO_SOLAR_REDE
38,10,10.08,8.75,7.4,26.8,16.8,SOLAR_TOTAL
38,15,10.17,8.4,7.4,28.0,18.6,SOLAR_TOTAL
38,20,10.25,8.35,7.4,28.8,20.5,SOLAR_TOTAL
38,25,10.33,7.91,7.4,30.1,22.4,SOLAR_TOTAL
38,30,10.42,9.03,7.4,31.1,24.3,SOLAR_TOTAL
38,35,10.5,8.84,7.4,32.0,26.2,SOLAR_TOTAL
38,40,10.58,7.57,7.4,32.9,28.0,SOLAR_TOTAL
38,45,10.67,9.27,7.4,33.8,29.9,SOLAR_TOTAL
38,50,10.75,9.0,7.4,34.6,31.8,SOLAR_TOTAL
38,55,10.83,8.62,7.4,35.2,33.7,SOLAR_TOTAL
38,60,10.92,8.23,7.4,35.7,35.5,SOLAR_TOTAL
38,65,11.0,8.94,7.4,36.5,37.4,SOLAR_TOTAL
38,70,11.08,7.56,7.4,37.2,39.3,SOLAR_TOTAL
38,75,11.17,7.73,7.4,37.6,41.2,SOLAR_TOTAL
38,80,11.25,8.9,7.4,37.7,43.1,SOLAR_TOTAL
38,85,11.33,9.25,7.4,38.2,44.9,SOLAR_TOTAL
38,90,11.42,9.07,7.4,38.2,46.8,SOLAR_TOTAL
38,95,11.5,8.03,7.4,38.7,48.7,SOLAR_TOTAL
38,100,11.58,7.93,7.4,39.1,50.6,SOLAR_TOTAL
38,105,11.67,7.91,7.4,39.1,52.5,SOLAR_TOTAL
38,110,11.75,9.28,7.4,39.4,54.3,SOLAR_TOTAL
38,115,11.83,9.5,7.4,39.9,56.2,SOLAR_TOTAL
38,120,11.92,9.41,7.4,40.1,58.1,SOLAR_TOTAL
38,125,12.0,9.39,7.4,40.4,60.0,SOLAR_TOTAL
38,130,12.08,8.09,7.4,40.2,61.8,SOLAR_TOTAL
38,135,12.17,7.83,7.4,40.1,63.7,SOLAR_TOTAL
38,140,12.25,8.33,7.4,40.2,65.6,SOLAR_TOTAL
38,145,12.33,9.52,7.4,40.3,67.5,SOLAR_TOTAL
38,150,12.42,8.85,7.4,40.6,69.4,SOLAR_TOTAL
38,155,12.5,9.65,7.4,40.5,71.2,SOLAR_TOTAL
38,160,12.58,7.44,7.4,40.9,73.1,SOLAR_TOTAL
38,165,12.67,8.39,7.4,41.2,75.0,SOLAR_TOTAL
38,170,12.75,8.76,7.4,41.3,76.9,SOLAR_TOTAL
38,175,12.83,8.96,7.4,41.2,78.8,SOLAR_TOTAL
38,180,12.92,7.61,7.4,41.1,80.0,SOLAR_TOTAL
39,5,5.0,0.0,3.7,24.9,37.6,REDE_POTENCIA_REDUZIDA
39,10,5.08,0.0,3.7,25.8,38.3,REDE_POTENCIA_REDUZIDA
39,15,5.17,0.0,3.7,26.4,38.9,REDE_POTENCIA_REDUZIDA
39,20,5.25,0.0,3.7,26.6,39.5,REDE_POTENCIA_REDUZIDA
39,25,5.33,0.0,3.7,27.1,40.2,REDE_POTENCIA_REDUZIDA
39,30,5.42,0.0,3.7,27.5,40.8,REDE_POTENCIA_REDUZIDA
39,35,5.5,0.0,3.7,28.1,41.4,REDE_POTENCIA_REDUZIDA
39,40,5.58,0.0,3.7,28.6,42.1,REDE_POTENCIA_REDUZIDA
39,45,5.67,0.0,3.7,28.8,42.7,REDE_POTENCIA_REDUZIDA
39,50,5.75,0.0,3.7,29.3,43.3,REDE_POTENCIA_REDUZIDA
39,55,5.83,0.0,3.7,29.3,43.9,REDE_POTENCIA_REDUZIDA
39,60,5.92,0.0,3.7,29.9,44.6,REDE_POTENCIA_REDUZIDA
39,65,6.0,0.0,3.7,29.9,45.2,REDE_POTENCIA_REDUZIDA
39,70,6.08,0.21,3.7,30.0,45.8,REDE_POTENCIA_REDUZIDA
39,75,6.17,0.33,3.7,30.5,46.5,REDE_POTENCIA_REDUZIDA
39,80,6.25,0.6,7.4,31.3,47.7,HIBRIDO_SOLAR_REDE
39,85,6.33,0.87,7.4,32.5,49.0,HIBRIDO_SOLAR_REDE
39,90,6.42,0.95,7.4,33.0,50.3,HIBRIDO_SOLAR_REDE
39,95,6.5,1.22,7.4,34.0,51.5,HIBRIDO_SOLAR_REDE
39,100,6.58,1.19,7.4,34.6,52.8,HIBRIDO_SOLAR_REDE
39,105,6.67,1.63,7.4,35.3,54.1,HIBRIDO_SOLAR_REDE
39,110,6.75,1.64,7.4,36.1,55.3,HIBRIDO_SOLAR_REDE
39,115,6.83,1.79,7.4,36.3,56.6,HIBRIDO_SOLAR_REDE
39,120,6.92,1.94,7.4,36.7,57.8,HIBRIDO_SOLAR_REDE
39,125,7.0,2.47,7.4,36.9,59.1,HIBRIDO_SOLAR_REDE
39,130,7.08,2.71,7.4,37.3,60.4,HIBRIDO_SOLAR_REDE
39,135,7.17,2.82,7.4,38.0,61.6,HIBRIDO_SOLAR_REDE
39,140,7.25,2.63,7.4,38.5,62.9,HIBRIDO_SOLAR_REDE
39,145,7.33,2.84,7.4,38.6,64.2,HIBRIDO_SOLAR_REDE
39,150,7.42,3.0,7.4,39.1,65.4,HIBRIDO_SOLAR_REDE
39,155,7.5,3.2,7.4,39.2,66.7,HIBRIDO_SOLAR_REDE
39,160,7.58,3.06,7.4,39.4,68.0,HIBRIDO_SOLAR_REDE
39,165,7.67,3.34,7.4,39.9,69.2,HIBRIDO_SOLAR_REDE
39,170,7.75,3.61,7.4,40.3,70.5,HIBRIDO_SOLAR_REDE
39,175,7.83,4.55,7.4,40.6,71.7,HIBRIDO_SOLAR_REDE
39,180,7.92,4.14,7.4,40.6,73.0,HIBRIDO_SOLAR_REDE
39,185,8.0,4.96,7.4,40.9,74.3,HIBRIDO_SOLAR_REDE
39,190,8.08,4.77,7.4,41.0,75.5,HIBRIDO_SOLAR_REDE
39,195,8.17,4.24,7.4,41.2,76.8,HIBRIDO_SOLAR_REDE
39,200,8.25,4.72,7.4,41.5,78.1,HIBRIDO_SOLAR_REDE
39,205,8.33,5.09,7.4,41.7,79.3,HIBRIDO_SOLAR_REDE
39,210,8.42,5.38,7.4,42.0,80.6,HIBRIDO_SOLAR_REDE
39,215,8.5,5.28,4.44,41.2,81.4,HIBRIDO_SOLAR_REDE
39,220,8.58,6.11,4.44,40.5,82.1,HIBRIDO_SOLAR_REDE
39,225,8.67,5.03,4.44,40.3,82.9,HIBRIDO_SOLAR_REDE
39,230,8.75,5.64,4.44,40.0,83.6,HIBRIDO_SOLAR_REDE
39,235,8.83,6.13,4.44,39.8,84.4,HIBRIDO_SOLAR_REDE
39,240,8.92,6.08,4.44,39.7,85.1,HIBRIDO_SOLAR_REDE
39,245,9.0,5.32,4.44,39.3,85.9,HIBRIDO_SOLAR_REDE
39,250,9.08,7.15,4.44,38.9,86.7,HIBRIDO_SOLAR_REDE
39,255,9.17,5.94,4.44,38.3,87.4,HIBRIDO_SOLAR_REDE
39,260,9.25,7.36,4.44,37.9,88.2,HIBRIDO_SOLAR_REDE
39,265,9.33,7.24,4.44,37.6,88.9,HIBRIDO_SOLAR_REDE
39,270,9.42,5.91,4.44,37.2,89.7,HIBRIDO_SOLAR_REDE
39,275,9.5,6.34,4.44,37.0,90.0,HIBRIDO_SOLAR_REDE
40,5,11.0,7.34,7.4,27.2,34.1,HIBRIDO_SOLAR_REDE
40,10,11.08,9.7,7.4,28.7,35.2,SOLAR_TOTAL
40,15,11.17,8.18,7.4,30.1,36.3,SOLAR_TOTAL
40,20,11.25,9.28,7.4,31.2,37.4,SOLAR_TOTAL
40,25,11.33,8.73,7.4,32.1,38.5,SOLAR_TOTAL
40,30,11.42,9.68,7.4,33.2,39.5,SOLAR_TOTAL
40,35,11.5,7.5,7.4,33.9,40.6,SOLAR_TOTAL
40,40,11.58,9.59,7.4,34.7,41.7,SOLAR_TOTAL
40,45,11.67,8.08,7.4,35.4,42.8,SOLAR_TOTAL
40,50,11.75,9.42,7.4,36.1,43.9,SOLAR_TOTAL
40,55,11.83,9.58,7.4,36.9,45.0,SOLAR_TOTAL
40,60,11.92,8.14,7.4,37.7,46.1,SOLAR_TOTAL
40,65,12.0,8.9,7.4,38.4,47.2,SOLAR_TOTAL
40,70,12.08,9.64,7.4,39.0,48.3,SOLAR_TOTAL
40,75,12.17,9.1,7.4,39.5,49.4,SOLAR_TOTAL
40,80,12.25,8.35,7.4,40.0,50.5,SOLAR_TOTAL
40,85,12.33,9.23,7.4,40.4,51.5,SOLAR_TOTAL
40,90,12.42,7.62,7.4,40.8,52.6,SOLAR_TOTAL
40,95,12.5,9.32,7.4,41.3,53.7,SOLAR_TOTAL
40,100,12.58,7.5,7.4,41.3,54.8,SOLAR_TOTAL
40,105,12.67,8.87,7.4,41.7,55.9,SOLAR_TOTAL
40,110,12.75,7.87,7.4,41.7,57.0,SOLAR_TOTAL
40,115,12.83,7.57,7.4,41.7,58.1,SOLAR_TOTAL
40,120,12.92,8.44,7.4,42.1,59.2,SOLAR_TOTAL
40,125,13.0,9.38,7.4,42.1,60.3,SOLAR_TOTAL
40,130,13.08,7.25,7.4,42.2,61.4,HIBRIDO_SOLAR_REDE
40,135,13.17,8.77,7.4,42.7,62.5,SOLAR_TOTAL
40,140,13.25,9.06,7.4,42.9,63.5,SOLAR_TOTAL
40,145,13.33,8.82,7.4,42.8,64.6,SOLAR_TOTAL
40,150,13.42,7.06,7.4,42.7,65.7,HIBRIDO_SOLAR_REDE
40,155,13.5,8.2,7.4,43.0,66.8,SOLAR_TOTAL
40,160,13.58,8.07,7.4,42.9,67.9,SOLAR_TOTAL
40,165,13.67,8.49,7.4,42.9,69.0,SOLAR_TOTAL
40,170,13.75,8.07,7.4,42.9,70.1,SOLAR_TOTAL
40,175,13.83,6.9,7.4,43.3,71.2,HIBRIDO_SOLAR_REDE
40,180,13.92,8.57,7.4,43.4,72.3,SOLAR_TOTAL
40,185,14.0,7.5,7.4,43.5,73.4,SOLAR_TOTAL
40,190,14.08,7.55,7.4,43.3,74.5,SOLAR_TOTAL
40,195,14.17,7.96,7.4,43.3,75.5,SOLAR_TOTAL
40,200,14.25,7.35,7.4,43.6,76.6,HIBRIDO_SOLAR_REDE
40,205,14.33,6.23,7.4,43.9,77.7,HIBRIDO_SOLAR_REDE
40,210,14.42,6.31,7.4,44.2,78.8,HIBRIDO_SOLAR_REDE
40,215,14.5,7.11,7.4,43.9,79.9,HIBRIDO_SOLAR_REDE
40,220,14.58,6.88,7.4,43.8,81.0,HIBRIDO_SOLAR_REDE
40,225,14.67,6.39,4.44,43.1,81.7,HIBRIDO_SOLAR_REDE
40,230,14.75,5.66,4.44,42.4,82.3,HIBRIDO_SOLAR_REDE
40,235,14.83,6.97,4.44,42.2,83.0,HIBRIDO_SOLAR_REDE
40,240,14.92,5.7,4.44,41.7,83.6,HIBRIDO_SOLAR_REDE
40,245,15.0,5.48,4.44,41.0,84.3,HIBRIDO_SOLAR_REDE
40,250,15.08,6.71,4.44,40.6,84.9,HIBRIDO_SOLAR_REDE
40,255,15.17,6.42,4.44,40.4,85.6,HIBRIDO_SOLAR_REDE
40,260,15.25,5.59,4.44,40.0,86.2,HIBRIDO_SOLAR_REDE
40,265,15.33,5.97,4.44,39.8,86.9,HIBRIDO_SOLAR_REDE
40,270,15.42,6.18,4.44,39.7,87.6,HIBRIDO_SOLAR_REDE
40,275,15.5,4.68,4.44,39.2,88.2,HIBRIDO_SOLAR_REDE
40,280,15.58,4.62,4.44,38.9,88.9,HIBRIDO_SOLAR_REDE
40,285,15.67,5.65,4.44,38.8,89.5,HIBRIDO_SOLAR_REDE
40,290,15.75,5.43,4.44,38.8,90.0,HIBRIDO_SOLAR_REDE
